AccountSeq,AccountID,AccountName,Street,City,StateorProvince,PostalCode,Country,Latitude,Longitude,Phone,NumberofEmployees,AnnualRevenue,AccountOwnerSeq,IndustrySeq,AccountOwner,Industry,Territory,Region,AccountNumber
1000,1c6090f3-8f1c-eb11-a813-000d3a9c7ffa,A. Datum Corporation  (U.S.),32097 Merchant Avenue,Columbus,OH,43210,United States,40.0028,-83.0164,-1097,"3,800","$87,000,000 ",2,27,Eric Gruber,Oil & Gas Production,US-MIDWEST,North America,AN-100001
1001,22c58905-de1e-eb11-a814-000d3a9c7ff2,"Wiegand Group (Arbois, France)",27817 John Wall Street,Pittsburgh,PA,15210,United States,40.4072,-79.9839,-9729,"8,300","$127,000,000 ",4,13,Julian Isla,Forest Products,US-NORTHEAST,North America,AN-100002
1002,113999f9-dd1e-eb11-a814-000d3a9c7ff2,Abbott Group  (Andorra),7 Manitowish Avenue,Montgomery,AL,36109,United States,32.3834,-86.2434,-7428,"9,300","$94,000,000 ",7,37,Spencer Low,Real Estate Investment Trusts,US-SOUTH,North America,AN-100003
1003,22dde512-f81e-eb11-a814-000d3a9c7ff2,"O'Reilly Inc (La Plaine-Saint-Denis, France)",35 Golden Leaf Court,Alhambra,CA,91841,United States,33.7866,-118.2987,-2179,"4,800","$78,000,000 ",11,27,Alicia Thomber,Oil & Gas Production,US-WEST,North America,AN-100004
1004,322492b1-e41e-eb11-a814-000d3a9c7ff2,"Abernathy and Sons (Stapleford, United Kingdom)",3 Mitchell Court,New Orleans,LA,70154,United States,30.033,-89.8826,-7151,"8,700","$108,000,000 ",1,4,Molly Clark,Business Services,US-SOUTH,North America,AN-100005
1005,9c3f73c9-e41e-eb11-a814-000d3a9c7ff2,"Bahringer, Johns and Jacobs",44 Hauk Drive,Pensacola,FL,32520,United States,30.4124,-87.2035,-2231,"1,500","$173,000,000 ",9,0,David So,n/a,US-SOUTH,North America,AN-100006
1006,1d4174a3-e31e-eb11-a814-000d3a9c7ff2,"Runolfsdottir, Cremin and Bins",5 Bayside Point,Pueblo,CO,81010,United States,38.1286,-104.5523,-2431,"9,200","$42,000,000 ",1,7,Molly Clark,Computer Software: Prepackaged Software,US-WEST,North America,AN-100007
1007,36b0eba1-e51e-eb11-a814-000d3a9c7ff2,"Reilly-Kovacek (Lagny-sur-Marne, France)",3552 Dwight Terrace,Naples,FL,34102,United States,26.134,-81.7953,-8962,"4,000","$30,000,000 ",7,8,Spencer Low,"Computer Software: Programming, Data Processing",US-SOUTH,North America,AN-100008
1008,f2026cde-f31e-eb11-a814-000d3a9c7ff2,"Waters-Nitzsche (Tyler, Texas)",296 Dunning Junction,Houston,TX,77030,United States,29.7041,-95.401,-5038,"6,300","$30,000,000 ",1,36,Molly Clark,Real Estate,US-SOUTH,North America,AN-100009
1009,5ae6bbcc-eb1e-eb11-a814-000d3a9c7ff2,"Koepp and Sons (Levallois-Perret, France)",23618 Susan Point,Boise,ID,83727,United States,43.4599,-116.244,-7797,"6,000","$16,000,000 ",11,0,Alicia Thomber,n/a,US-WEST,North America,AN-100010
1010,a4575859-ef1e-eb11-a814-000d3a9c7ff2,Abbott Group  (Idaho),094 Milwaukee Center,Palpalá,,4612,Argentina,-31.4561755,-64.2111608,-5645,"1,700","$88,000,000 ",13,0,Greg Winston,n/a,Argentina,LATAM,AN-100011
1011,e4e99a85-e31e-eb11-a814-000d3a9c7ff2,"Koch and Sons (Uurainen, Finland)",8 Service Circle,Richmond,VA,23289,United States,37.5313,-77.4161,-7057,"9,000","$49,000,000 ",9,26,David So,Medical/Nursing Services,US-SOUTH,North America,AN-100012
1012,4307c90a-f51e-eb11-a814-000d3a9c7ff2,"Smith-Nicolas (Iwase, Japan)",99 Cardinal Place,Marcos Juárez,,2580,Argentina,-34.9044677,-58.5743103,-5561,"7,300","$178,000,000 ",13,8,Greg Winston,"Computer Software: Programming, Data Processing",Argentina,LATAM,AN-100013
1013,41b682bd-e41e-eb11-a814-000d3a9c7ff2,"Nienow LLC (Tucson, Arizona)",3 Sutteridge Center,Salt Lake City,UT,84170,United States,40.6681,-111.9083,-6692,"9,800","$100,000,000 ",11,0,Alicia Thomber,n/a,US-WEST,North America,AN-100014
1014,fcc9d114-ed1e-eb11-a814-000d3a9c7ff2,Abbott Group  (Minnesota),65093 Debra Point,Chamical,,4608,Argentina,-31.4411018,-64.1257463,-10663,"9,300","$25,000,000 ",13,22,Greg Winston,Major Pharmaceuticals,Argentina,LATAM,AN-100015
1015,3f35dcad-e51e-eb11-a814-000d3a9c7ff2,"Kessler, Hegmann and McKenzie",8442 Dwight Parkway,Shawnee Mission,KS,66215,United States,38.949,-94.7405,-7248,"9,700","$89,000,000 ",2,24,Eric Gruber,Medical Specialities,US-MIDWEST,North America,AN-100016
1016,ec7e43ee-f11e-eb11-a814-000d3a9c7ff2,"Wilkinson and Sons (Kiuruvesi, Finland)",06 Mifflin Junction,San Jorge,,5117,Argentina,-34.6098701,-58.5668231,-11462,"2,900","$96,000,000 ",13,4,Greg Winston,Business Services,Argentina,LATAM,AN-100017
1017,8601e902-ed1e-eb11-a814-000d3a9c7ff2,"Haag-Purdy (Arles, France)",0 Maple Wood Trail,Oakland,CA,94616,United States,37.8044,-122.2698,-1464,"8,200","$29,000,000 ",11,4,Alicia Thomber,Business Services,US-WEST,North America,AN-100018
1018,6687c12b-f11e-eb11-a814-000d3a9c7ff2,"Conn, Marquardt and O'Connell",6 Westport Parkway,Detroit,MI,48232,United States,42.2399,-83.1508,-1489,"9,200","$24,000,000 ",3,0,Jeff Hay,n/a,US-MIDWEST,North America,AN-100019
1019,42ded114-ed1e-eb11-a814-000d3a9c7ff2,"Terry Inc (Romorantin-Lanthenay, France)",0 Stang Point,Ceres,,2340,Argentina,-32.9578112,-60.6682209,-8700,"3,000","$51,000,000 ",13,39,Greg Winston,Restaurants,Argentina,LATAM,AN-100020
1020,fa475c85-e41e-eb11-a814-000d3a9c7ff2,Abbott Group  (Arizona),5 Dottie Hill,Daireaux,,6555,Argentina,-37.9595992,-57.5629395,-902,"2,400","$45,000,000 ",13,20,Greg Winston,Major Banks,Argentina,LATAM,AN-100021
1021,2658970b-f01e-eb11-a814-000d3a9c7ff2,"Toy, Friesen and Rath",78235 Northridge Park,Bernardo Larroudé,,6220,Argentina,-35.0234334,-63.5803937,-7536,"3,000","$51,000,000 ",13,32,Greg Winston,Packaged Foods,Argentina,LATAM,AN-100022
1022,e4665964-f31e-eb11-a814-000d3a9c7ff2,"Kutch Group (Lloydminster, Canada)",9818 Corscot Alley,Bastos,,17690-000,Brazil,-21.9221397,-50.7317774,-7681,"2,000","$41,000,000 ",13,22,Greg Winston,Major Pharmaceuticals,Brazil,LATAM,AN-100023
1023,aa1d3f9c-f41e-eb11-a814-000d3a9c7ff2,"Abbott Group (Migrate, Kentucky)",274 Stephen Plaza,Madison,WI,53726,United States,43.0696,-89.4239,-6990,"3,700","$54,000,000 ",2,37,Eric Gruber,Real Estate Investment Trusts,US-MIDWEST,North America,AN-100024
1024,2e1ab4d2-eb1e-eb11-a814-000d3a9c7ff2,Abbott Group  (New York),199 Muir Terrace,Pompano Beach,FL,33064,United States,26.2785,-80.1157,-6314,"3,700","$53,000,000 ",7,16,Spencer Low,Industrial Machinery/Components,US-SOUTH,North America,AN-100025
1025,f5110173-f61e-eb11-a814-000d3a9c7ff2,"Turner Group (Montpellier, France)",628 Stoughton Court,Colorado Springs,CO,80935,United States,38.8247,-104.562,-2465,"3,900","$94,000,000 ",1,28,Molly Clark,Oil/Gas Transmission,US-WEST,North America,AN-100026
1026,864de108-ed1e-eb11-a814-000d3a9c7ff2,"Flatley Inc (Billings, Montana)",0582 Menomonie Alley,Kansas City,MO,64130,United States,39.0351,-94.5467,-3036,"9,800","$62,000,000 ",2,33,Eric Gruber,Paper,US-MIDWEST,North America,AN-100027
1027,307467a5-f51e-eb11-a814-000d3a9c7ff2,"Abbott Group (El Paso, Texas)",1 Darwin Junction,San Jose,CA,95155,United States,37.31,-121.9011,-7197,"8,700","$33,000,000 ",11,31,Alicia Thomber,Other Specialty Stores,US-WEST,North America,AN-100028
1028,2c6faa75-df1e-eb11-a814-000d3a9c7ff2,"Kohler, Buckridge and McKenzie",34875 Eagan Junction,Butiá,,96750-000,Brazil,-30.1180899,-51.9615457,-9095,"5,100","$20,000,000 ",13,7,Greg Winston,Computer Software: Prepackaged Software,Brazil,LATAM,AN-100029
1029,c6b511b2-e21e-eb11-a814-000d3a9c7ff2,Nader-Bruen,444 Bowman Junction,Jackson,MS,39296,United States,32.3113,-90.3972,-4443,"6,100","$189,000,000 ",9,31,David So,Other Specialty Stores,US-SOUTH,North America,AN-100030
1030,8298a17f-f11e-eb11-a814-000d3a9c7ff2,Abbott Group  (Ohio),5791 Mifflin Hill,Chicago,IL,60681,United States,41.8119,-87.6873,-11125,"7,500","$86,000,000 ",3,22,Jeff Hay,Major Pharmaceuticals,US-MIDWEST,North America,AN-100031
1031,b1cbf0fc-ec1e-eb11-a814-000d3a9c7ff2,Steuber-Willms,60846 2nd Street,Sarasota,FL,34233,United States,27.2866,-82.477,-8056,"6,400","$49,000,000 ",9,0,David So,n/a,US-SOUTH,North America,AN-100032
1032,a471f8f6-ec1e-eb11-a814-000d3a9c7ff2,"Dickinson Inc (Laval, France)",5 Emmet Parkway,Baltimore,MD,21203,United States,39.2847,-76.6205,-6906,"10,000","$26,000,000 ",7,16,Spencer Low,Industrial Machinery/Components,US-SOUTH,North America,AN-100033
1033,747ac1cb-e51e-eb11-a814-000d3a9c7ff2,"Parker, Johns and Harvey",1488 Village Crossing,Vargem Grande do Sul,,13880-000,Brazil,-21.8324773,-46.8925845,-8128,"1,600","$75,000,000 ",13,0,Greg Winston,n/a,Brazil,LATAM,AN-100034
1034,bb8295f8-f61e-eb11-a814-000d3a9c7ff2,"Weimann, Batz and Gislason",27049 Sommers Circle,Maringá,,87000-000,Brazil,-23.4209995,-51.9330558,-10090,"2,600","$39,000,000 ",13,20,Greg Winston,Major Banks,Brazil,LATAM,AN-100035
1035,458b119a-e21e-eb11-a814-000d3a9c7ff2,"Abbott Group (Louisville, Kentucky)",4577 Clyde Gallagher Circle,New York City,NY,10280,United States,40.7105,-74.0163,-7531,"6,800","$36,000,000 ",4,14,Julian Isla,Home Furnishings,US-NORTHEAST,North America,AN-100036
1036,b491a1a5-e41e-eb11-a814-000d3a9c7ff2,"Keebler LLC (Midland, Texas)",6 Manley Road,Jacupiranga,,11940-000,Brazil,-24.7023134,-48.0076188,-4239,"2,600","$39,000,000 ",13,23,Greg Winston,Marine Transportation,Brazil,LATAM,AN-100037
1037,4d9879c4-f11e-eb11-a814-000d3a9c7ff2,"Abbott Group (El Paso, Texas)",6 Talmadge Hill,Berkeley,CA,94712,United States,37.6802,-121.9215,-10688,"7,400","$72,000,000 ",11,20,Alicia Thomber,Major Banks,US-WEST,North America,AN-100038
1038,32f09a85-e31e-eb11-a814-000d3a9c7ff2,"Lehner LLC (Iida, Japan)",7085 Hallows Trail,Danbury,CT,6816,United States,41.3089,-73.3637,-9379,"9,600","$96,000,000 ",4,22,Julian Isla,Major Pharmaceuticals,US-NORTHEAST,North America,AN-100039
1039,4546c9c5-e51e-eb11-a814-000d3a9c7ff2,Hodkiewicz-Runte,0955 Hollow Ridge Place,Vihti,,3400,Finland,60.4165735,24.3256379,-3006,"5,700","$38,000,000 ",12,0,Anne Weiler,n/a,Finland,EMEA,AN-100040
1040,2ea98c22-f71e-eb11-a814-000d3a9c7ff2,"Beahan LLC (Tanabe, Japan)",67 Southridge Alley,Levallois-Perret,A8,92592 CEDEX,France,49.2272998,2.8814002,-7895,"6,300","$173,000,000 ",12,37,Anne Weiler,Real Estate Investment Trusts,France,EMEA,AN-100041
1041,f77273b9-e61e-eb11-a814-000d3a9c7ff2,"Abbott Group (Metairie, Louisiana)",83 Bluejay Junction,Peoria,IL,61640,United States,40.7857,-89.6177,-4750,"9,200","$64,000,000 ",2,0,Eric Gruber,n/a,US-MIDWEST,North America,AN-100042
1042,2dc0c830-f81e-eb11-a814-000d3a9c7ff2,Farrell-O'Conner,8903 Dexter Pass,Viradouro,,14740-000,Brazil,-20.8740173,-48.299098,-7799,"2,300","$99,000,000 ",13,19,Greg Winston,Life Insurance,Brazil,LATAM,AN-100043
1043,75161419-dd1e-eb11-a814-000d3a9c7ff2,Abbott Group  (Morocco),196 Prentice Plaza,Arlington,VA,22212,United States,38.8808,-77.113,-5792,"9,300","$36,000,000 ",9,34,David So,Precious Metals,US-SOUTH,North America,AN-100044
1044,bd120173-f61e-eb11-a814-000d3a9c7ff2,"Hodkiewicz, Blanda and Bechtelar",54 Farwell Street,Rengo,,,Chile,-34.4023791,-70.8674411,-3756,"1,800","$89,000,000 ",13,0,Greg Winston,n/a,Chile,LATAM,AN-100045
1045,a8b711b2-e21e-eb11-a814-000d3a9c7ff2,"Dickens and Sons (Maple Creek, Canada)",6594 John Wall Avenue,El Paso,TX,88558,United States,31.6948,-106.3,-2668,"4,700","$39,000,000 ",1,1,Molly Clark,Air Freight/Delivery Services,US-SOUTH,North America,AN-100046
1046,a8a13971-ef1e-eb11-a814-000d3a9c7ff2,"Wunsch LLC (Drammen, Norway)",6886 Elmside Plaza,Pessac,97,33604 CEDEX,France,44.8055893,-0.630617,494-308-5824,"8,300","$127,000,000 ",12,39,Anne Weiler,Restaurants,France,EMEA,AN-100047
1047,1e11830a-f71e-eb11-a814-000d3a9c7ff2,"Veum, Mohr and Kertzmann",37250 Westend Road,Houston,TX,77060,United States,29.9335,-95.3981,-1597,"4,500","$91,000,000 ",1,0,Molly Clark,n/a,US-SOUTH,North America,AN-100048
1048,702e02be-e21e-eb11-a814-000d3a9c7ff2,"Cummerata Inc (La Sarre, Canada)",979 Havey Place,Lansing,MI,48930,United States,42.7325,-84.5587,-10988,"5,100","$90,000,000 ",2,6,Eric Gruber,Computer Manufacturing,US-MIDWEST,North America,AN-100049
1049,a325615e-f31e-eb11-a814-000d3a9c7ff2,"Hermann Inc (Gravelbourg, Canada)",5747 Tennyson Junction,Dallas,TX,75392,United States,32.7673,-96.7776,-1464,"4,400","$42,000,000 ",1,37,Molly Clark,Real Estate Investment Trusts,US-SOUTH,North America,AN-100050
1050,f9821067-f61e-eb11-a814-000d3a9c7ff2,"Brakus-Greenfelder (Montgomery, Alabama)",76289 Morning Crossing,Dijon,A1,21019 CEDEX,France,45.2977605,2.5135985,435-893-3172,"9,300","$94,000,000 ",12,39,Anne Weiler,Restaurants,France,EMEA,AN-100051
1051,b85d45fc-f31e-eb11-a814-000d3a9c7ff2,Abbott Group  (Florida),9 Delaware Pass,El Paso,TX,88553,United States,31.6948,-106.3,-7528,"5,400","$99,000,000 ",1,22,Molly Clark,Major Pharmaceuticals,US-SOUTH,North America,AN-100052
1052,3eab4a64-f71e-eb11-a814-000d3a9c7ff2,"Jacobi, Powlowski and Rogahn",3910 Dapin Street,Saint-Lambert-de-Lauzon,QC,V6L,Canada,46.58624,-71.20892,-1575,"6,200","$107,000,000 ",10,20,Alan Steiner,Major Banks,Canada,North America,AN-100053
1053,55e2327c-f71e-eb11-a814-000d3a9c7ff2,Abbott Group  (Kansas),34668 Summer Ridge Plaza,Lubbock,TX,79415,United States,33.6021,-101.876,-11006,"3,500","$44,000,000 ",1,5,Molly Clark,Clothing/Shoe/Accessory Stores,US-SOUTH,North America,AN-100054
1054,5e163f9c-f41e-eb11-a814-000d3a9c7ff2,Abbott Group  (West Virginia),10 Clove Road,Sacramento,CA,94273,United States,38.3774,-121.4444,-5852,"10,000","$53,000,000 ",11,2,Alicia Thomber,Automotive Aftermarket,US-WEST,North America,AN-100055
1055,d43099f9-dd1e-eb11-a814-000d3a9c7ff2,Abbott Group  (South Africa),94099 Main Plaza,Aubervilliers,A8,93321 CEDEX,France,48.9124688,2.3977418,322-117-3862,"1,500","$173,000,000 ",12,13,Anne Weiler,Forest Products,France,EMEA,AN-100056
1056,44ad4a64-f71e-eb11-a814-000d3a9c7ff2,"Fisher, Weissnat and Mraz",6 Boyd Way,Berkeley,CA,94712,United States,37.6802,-121.9215,-4443,"3,600","$41,000,000 ",11,7,Alicia Thomber,Computer Software: Prepackaged Software,US-WEST,North America,AN-100057
1057,b59c505f-ef1e-eb11-a814-000d3a9c7ff2,Lowe-Block,804 Lakeland Terrace,Sacramento,CA,95828,United States,38.4826,-121.4006,-8449,"6,100","$77,000,000 ",11,0,Alicia Thomber,n/a,US-WEST,North America,AN-100058
1058,fd7279c5-e61e-eb11-a814-000d3a9c7ff2,"Bayer-Keeling (Oslo, Norway)",09 Parkside Street,Saint-André-Avellin,QC,T5Y,Canada,45.7168,-75.06599,-5014,"7,900","$46,000,000 ",10,1,Alan Steiner,Air Freight/Delivery Services,Canada,North America,AN-100059
1059,c55faa79-e31e-eb11-a814-000d3a9c7ff2,Ortiz-Kerluke,6 Division Drive,Paris La Défense,A8,92901 CEDEX,France,48.892701,2.233089,496-921-9615,"9,200","$42,000,000 ",12,39,Anne Weiler,Restaurants,France,EMEA,AN-100060
1060,52cc63d5-e41e-eb11-a814-000d3a9c7ff2,"Purdy, Cassin and Ryan",9701 Elgar Drive,Bradenton,FL,34210,United States,27.4544,-82.6358,-11047,"3,900","$85,000,000 ",9,22,David So,Major Pharmaceuticals,US-SOUTH,North America,AN-100061
1061,8d97f701-f11e-eb11-a814-000d3a9c7ff2,Bogisich-Treutel,438 Jay Trail,Coronel,,,Chile,-37.0340769,-73.1404838,-2632,"7,900","$158,000,000 ",13,0,Greg Winston,n/a,Chile,LATAM,AN-100062
1062,b94eedc4-f71e-eb11-a814-000d3a9c7ff2,"Stroman, Jacobs and Lubowitz",584 Mcguire Crossing,Raleigh,NC,27621,United States,35.7977,-78.6253,-7806,"8,900","$66,000,000 ",9,0,David So,n/a,US-SOUTH,North America,AN-100063
1063,2a92230d-dd1e-eb11-a814-000d3a9c7ff2,Abbott Group  (Vietnam),5 Old Gate Park,Chengguan,,,China,29.654838,91.140552,-2705,"8,000","$6,000,000 ",6,22,Renee Lo,Major Pharmaceuticals,China,APAC,AN-100064
1064,6cddbce1-ef1e-eb11-a814-000d3a9c7ff2,"Abbott Group (New Orleans, Louisiana)",582 Mifflin Trail,Pasadena,CA,91186,United States,33.7866,-118.2987,-5959,"6,500","$91,000,000 ",11,22,Alicia Thomber,Major Pharmaceuticals,US-WEST,North America,AN-100065
1065,a8c43bf4-f11e-eb11-a814-000d3a9c7ff2,"Rolfson, Quitzon and King",050 Aberg Junction,Montpellier,A9,34964 CEDEX 2,France,47.3752386,-0.8453268,562-526-3012,"9,800","$100,000,000 ",12,29,Anne Weiler,Oilfield Services/Equipment,France,EMEA,AN-100066
1066,da82f2f2-f81e-eb11-a814-000d3a9c7ff2,"Kutch Inc (Isehara, Japan)",24 Esker Junction,Vancouver,WA,98664,United States,45.6231,-122.5767,-4510,"4,000","$89,000,000 ",11,9,Alicia Thomber,Diversified Commercial Services,US-WEST,North America,AN-100067
1067,bc4820d6-f21e-eb11-a814-000d3a9c7ff2,"Haley, Auer and Luettgen",6797 Vidon Park,Canton,OH,44760,United States,40.854,-81.4278,-2916,"5,200","$39,000,000 ",3,32,Jeff Hay,Packaged Foods,US-MIDWEST,North America,AN-100068
1068,c8896d78-f41e-eb11-a814-000d3a9c7ff2,"Abbott Inc and Sons (Houston, Texas)",6586 Tennessee Court,Hacienda La Calera,,,Chile,-32.78333,-71.21667,-6143,"3,000","$60,000,000 ",13,19,Greg Winston,Life Insurance,Chile,LATAM,AN-100069
1069,e66b3713-e61e-eb11-a814-000d3a9c7ff2,"Casper, Carroll and Goldner",0 Dakota Drive,Saint Joseph,MO,64504,United States,39.7076,-94.8677,-4743,"8,000","$92,000,000 ",2,0,Eric Gruber,n/a,US-MIDWEST,North America,AN-100070
1070,906962d6-f11e-eb11-a814-000d3a9c7ff2,"Sawayn-Stroman (Catalina, Canada)",945 Grover Park,Denver,CO,80270,United States,39.7388,-104.4083,-5646,"4,400","$39,000,000 ",1,16,Molly Clark,Industrial Machinery/Components,US-WEST,North America,AN-100071
1071,7c3e9c85-f11e-eb11-a814-000d3a9c7ff2,Abbott Inc and Sons  (Arizona),7 School Road,Aurora,CO,80045,United States,39.7467,-104.8384,-9464,"8,000","$23,000,000 ",1,35,Molly Clark,Property-Casualty Insurers,US-WEST,North America,AN-100072
1072,73040c37-e61e-eb11-a814-000d3a9c7ff2,"Abbott Inc and Sons (Dallas, Texas)",97671 Maple Junction,Phoenix,AZ,85072,United States,33.2765,-112.1872,-4789,"10,000","$96,000,000 ",1,22,Molly Clark,Major Pharmaceuticals,US-WEST,North America,AN-100073
1073,9b69aa79-e31e-eb11-a814-000d3a9c7ff2,"Aufderhar-Fisher (Barrhead, Canada)",28080 Hoard Alley,Villarrica,,,Chile,-39.2820124,-72.2307798,-8840,"2,200","$36,000,000 ",13,42,Greg Winston,Telecommunications Equipment,Chile,LATAM,AN-100074
1074,d279e205-f31e-eb11-a814-000d3a9c7ff2,"Wolf Inc (Boston, Massachusetts)",77075 East Crossing,Columbus,OH,43226,United States,39.969,-83.0114,-6273,"3,800","$100,000,000 ",2,21,Eric Gruber,Major Chemicals,US-MIDWEST,North America,AN-100075
1075,e1bac830-f81e-eb11-a814-000d3a9c7ff2,"Gerlach-Schimmel (Saint-Jean-de-Védas, France)",348 Forest Dale Alley,Austin,TX,78726,United States,30.43,-97.8326,-6021,"4,100","$25,000,000 ",1,21,Molly Clark,Major Chemicals,US-SOUTH,North America,AN-100076
1076,9bbfda0b-f31e-eb11-a814-000d3a9c7ff2,"Gislason, D'Amore and Larson",54 Bartillon Center,Phoenix,AZ,85010,United States,33.2765,-112.1872,-7919,"9,600","$90,000,000 ",1,12,Molly Clark,Food Distributors,US-WEST,North America,AN-100077
1077,bd4720d6-f21e-eb11-a814-000d3a9c7ff2,"Abbott Inc and Sons (Wichita Falls, Texas)",824 Hoard Road,El Paso,TX,88584,United States,31.6948,-106.3,-6593,"6,400","$95,000,000 ",1,27,Molly Clark,Oil & Gas Production,US-SOUTH,North America,AN-100078
1078,a0ebaa38-f41e-eb11-a814-000d3a9c7ff2,"Abbott Inc and Sons (Bradenton, Florida)",69 Manley Pass,Quillota,,,Chile,-32.8803027,-71.2497156,-9764,"1,500","$26,000,000 ",13,16,Greg Winston,Industrial Machinery/Components,Chile,LATAM,AN-100079
1079,dab9d819-f11e-eb11-a814-000d3a9c7ff2,"Bechtelar Group (Colorado Springs, Colorado)",28370 Spohn Pass,Miami,FL,33142,United States,25.813,-80.232,-2375,"5,300","$17,000,000 ",9,7,David So,Computer Software: Prepackaged Software,US-SOUTH,North America,AN-100080
1080,f675f9d1-f41e-eb11-a814-000d3a9c7ff2,"Hintz Group (Huntington, West Virginia)",86200 Mockingbird Terrace,Guachucal,,524588,Colombia,1.003696,-77.7565925,-7381,"8,500","$57,000,000 ",8,14,Sanjay Shah,Home Furnishings,Colombia,LATAM,AN-100081
1081,9da9f2c9-e21e-eb11-a814-000d3a9c7ff2,"Lesch-Abshire (Des Moines, Iowa)",6 Jenifer Avenue,Lower Hutt,,5042,New Zealand,-41.2219337,174.8714559,-9033,"1,500","$26,000,000 ",6,0,Renee Lo,n/a,New Zealand,APAC,AN-100082
1082,8159cbc0-eb1e-eb11-a814-000d3a9c7ff2,"Feest LLC (Tsukuba, Japan)",55 Farwell Circle,Tallahassee,FL,32304,United States,30.4478,-84.3211,-2895,"4,600","$32,000,000 ",7,0,Spencer Low,n/a,US-SOUTH,North America,AN-100083
1083,d55f37a2-f41e-eb11-a814-000d3a9c7ff2,"Keeling and Sons (Paris 10, France)",486 Corry Crossing,Cornwall,PE,L4E,Canada,46.22652,-63.21809,-3724,"4,000","$46,000,000 ",10,25,Alan Steiner,Medical/Dental Instruments,Canada,North America,AN-100084
1084,e251c9c5-e51e-eb11-a814-000d3a9c7ff2,"Abbott Inc and Sons (Sacramento, California)",5 Grover Junction,South Bend,IN,46614,United States,41.6255,-86.2433,-8311,"8,500","$32,000,000 ",3,0,Jeff Hay,n/a,US-MIDWEST,North America,AN-100085
1085,a59d94f0-eb1e-eb11-a814-000d3a9c7ff2,Hahn-Graham,7 Melby Pass,Sainte-Thérèse,QC,J7G,Canada,45.6181396,-73.8394482,-1222,"9,200","$106,000,000 ",10,27,Alan Steiner,Oil & Gas Production,Canada,North America,AN-100086
1086,96ac10c0-f41e-eb11-a814-000d3a9c7ff2,"Welch Group (New-Richmond, Canada)",92710 Kenwood Terrace,Atlanta,GA,30351,United States,33.8444,-84.474,-5922,"6,600","$76,000,000 ",9,16,David So,Industrial Machinery/Components,US-SOUTH,North America,AN-100087
1087,ead954f0-f31e-eb11-a814-000d3a9c7ff2,Senger-Goodwin,18 Prentice Point,New York City,NY,10110,United States,40.754,-73.9808,-9011,"7,200","$98,000,000 ",4,14,Julian Isla,Home Furnishings,US-NORTHEAST,North America,AN-100088
1088,a9df8717-f01e-eb11-a814-000d3a9c7ff2,Heathcote-Stanton,1698 Waywood Center,Phoenix,AZ,85010,United States,33.2765,-112.1872,-10709,"9,300","$74,000,000 ",1,22,Molly Clark,Major Pharmaceuticals,US-WEST,North America,AN-100089
1089,cad5633b-e71e-eb11-a814-000d3a9c7ff2,"Dietrich Group (West Kelowna, Canada)",966 Buena Vista Hill,San Diego,CA,92176,United States,33.0169,-116.846,-2978,"6,900","$150,000,000 ",11,3,Alicia Thomber,Biotechnology: Commercial Physical & Biological Resarch,US-WEST,North America,AN-100090
1090,a7fa071e-f21e-eb11-a814-000d3a9c7ff2,"Abbott Inc and Sons (Orlando, Florida)",98 Mendota Pass,Carquefou,B5,44474 CEDEX,France,47.2990712,-1.5086685,366-950-8571,"1,700","$88,000,000 ",12,38,Anne Weiler,Recreational Products/Toys,France,EMEA,AN-100091
1091,69095e84-f41e-eb11-a814-000d3a9c7ff2,"Lubowitz Group (Seattle, Washington)",634 Express Junction,Arlington,VA,22212,United States,38.8808,-77.113,-5157,"4,000","$97,000,000 ",9,0,David So,n/a,US-SOUTH,North America,AN-100092
1092,d153568a-f41e-eb11-a814-000d3a9c7ff2,"Schroeder Group (Askim, Norway)",1 Pierstorff Park,Arlington,VA,22225,United States,38.8808,-77.113,-5267,"3,300","$56,000,000 ",7,17,Spencer Low,Integrated oil Companies,US-SOUTH,North America,AN-100093
1093,7d6662d6-f11e-eb11-a814-000d3a9c7ff2,"Rath, Lind and Deckow",2 Banding Drive,Johnson City,TN,37605,United States,36.3158,-82.3838,-3083,"7,300","$75,000,000 ",9,15,David So,Hospital/Nursing Management,US-SOUTH,North America,AN-100094
1094,5f896d78-f41e-eb11-a814-000d3a9c7ff2,"Kling, Conroy and Abbott",321 Ridgeview Lane,Manassas,VA,22111,United States,38.7202,-77.4391,-10458,"8,400","$15,000,000 ",9,30,David So,Ordnance And Accessories,US-SOUTH,North America,AN-100095
1095,f2ada27f-e31e-eb11-a814-000d3a9c7ff2,Kuvalis-O'Hara,581 Comanche Court,Whitehorse,YT,Y1A,Canada,60.7610412,-135.1742264,-8529,"6,300","$74,000,000 ",10,29,Alan Steiner,Oilfield Services/Equipment,Canada,North America,AN-100096
1096,c2a411b2-e21e-eb11-a814-000d3a9c7ff2,"Grant Group (Palaiseau, France)",202 Ruskin Plaza,Hejiaping,,,China,30.60215,110.836537,-6210,"7,500","$7,000,000 ",6,22,Renee Lo,Major Pharmaceuticals,China,APAC,AN-100097
1097,1ccb99ab-e41e-eb11-a814-000d3a9c7ff2,"Bosco LLC (Omigawa, Japan)",921 Lakeland Point,Charlotte,NC,28289,United States,35.26,-80.8042,-6136,"4,000","$15,000,000 ",7,0,Spencer Low,n/a,US-SOUTH,North America,AN-100098
1098,85f49ce4-eb1e-eb11-a814-000d3a9c7ff2,"Watsica Inc (Strasbourg, France)",5 Ramsey Way,Jackson,MS,39296,United States,32.3113,-90.3972,-3348,"7,400","$36,000,000 ",9,20,David So,Major Banks,US-SOUTH,North America,AN-100099
1099,fffa7b9d-e31e-eb11-a814-000d3a9c7ff2,"Ziemann, Stark and Abbott",3 Meadow Valley Street,Val-d'Or,QC,J9P,Canada,48.1041936,-77.7963772,-6606,"3,400","$144,000,000 ",10,0,Alan Steiner,n/a,Canada,North America,AN-100100
1100,baecb22c-ed1e-eb11-a814-000d3a9c7ff2,"Crooks, Nicolas and Turcotte",48 Kensington Terrace,Washington,DC,20370,United States,38.8933,-77.0146,-2602,"9,400","$87,000,000 ",9,23,David So,Marine Transportation,US-SOUTH,North America,AN-100101
1101,793a83cc-f31e-eb11-a814-000d3a9c7ff2,Glover-Hane,0 Jenna Drive,Athens,GA,30605,United States,33.9321,-83.3525,-4716,"3,600","$43,000,000 ",7,11,Spencer Low,Electric Utilities: Central,US-SOUTH,North America,AN-100102
1102,357c91ff-dd1e-eb11-a814-000d3a9c7ff2,Abbott Inc and Sons  (Papua New Guinea),28709 Talmadge Park,Phu Kradueng,,42180,Thailand,16.9023422,101.7523854,-9911,"3,200","$10,000,000 ",6,18,Renee Lo,Investment Managers,Thailand,APAC,AN-100103
1103,51ee8834-f31e-eb11-a814-000d3a9c7ff2,Abbott Inc and Sons  (Louisiana),19 Buell Parkway,Beaumont,TX,77705,United States,30.0211,-94.1157,-4636,"5,500","$75,000,000 ",1,40,Molly Clark,Savings Institutions,US-SOUTH,North America,AN-100104
1104,3af2271f-e61e-eb11-a814-000d3a9c7ff2,"Robel, Hoeger and Walker",67677 Eastwood Parkway,Piedras,,730507,Colombia,4.54304,-74.878165,-5074,"7,900","$75,000,000 ",8,0,Sanjay Shah,n/a,Colombia,LATAM,AN-100105
1105,51ca31b0-de1e-eb11-a814-000d3a9c7ff2,"Abbott Inc and Sons (Houston, Texas)",545 American Ash Trail,Albuquerque,NM,87115,United States,35.0549,-106.5461,-10653,"8,000","$31,000,000 ",1,21,Molly Clark,Major Chemicals,US-WEST,North America,AN-100106
1106,6be1bda8-f61e-eb11-a814-000d3a9c7ff2,Breitenberg-Kshlerin,54508 Bunker Hill Junction,Bakersfield,CA,93386,United States,35.2944,-118.9052,-6481,"7,700","$72,000,000 ",11,22,Alicia Thomber,Major Pharmaceuticals,US-WEST,North America,AN-100107
1107,b0e7a310-f71e-eb11-a814-000d3a9c7ff2,"Powlowski and Sons (Detroit, Michigan)",0 Shoshone Trail,Cholet,B5,49321 CEDEX,France,47.0615944,-0.8816138,716-928-3614,"9,200","$24,000,000 ",12,32,Anne Weiler,Packaged Foods,France,EMEA,AN-100108
1108,df4c1994-e21e-eb11-a814-000d3a9c7ff2,"Boehm LLC (Pittsburgh, Pennsylvania)",2 Manufacturers Road,Pereira,,660017,Colombia,4.8087174,-75.690601,-9895,"2,800","$23,000,000 ",8,13,Sanjay Shah,Forest Products,Colombia,LATAM,AN-100109
1109,29690dac-e21e-eb11-a814-000d3a9c7ff2,Goyette-Graham,10500 Leroy Parkway,Ibagué,,730019,Colombia,4.5120691,-75.2245693,-3333,"2,600","$133,000,000 ",8,20,Sanjay Shah,Major Banks,Colombia,LATAM,AN-100110
1110,180cb237-f11e-eb11-a814-000d3a9c7ff2,"Kuvalis Group (Edmond, Oklahoma)",2710 Golf Lane,Minneapolis,MN,55428,United States,45.0632,-93.3811,-8330,"6,500","$68,000,000 ",2,25,Eric Gruber,Medical/Dental Instruments,US-MIDWEST,North America,AN-100111
1111,fae5a310-f71e-eb11-a814-000d3a9c7ff2,"Ernser, Schiller and Crist",12594 Homewood Alley,Springfield,OH,45505,United States,39.9106,-83.7856,-11005,"8,000","$16,000,000 ",2,0,Eric Gruber,n/a,US-MIDWEST,North America,AN-100112
1112,b4ee9ce4-eb1e-eb11-a814-000d3a9c7ff2,"Schowalter-White (Hyrynsalmi, Finland)",86 Autumn Leaf Lane,Atlanta,GA,30368,United States,33.8444,-84.474,-11258,"6,200","$122,000,000 ",9,41,David So,Specialty Foods,US-SOUTH,North America,AN-100113
1113,262a02be-e21e-eb11-a814-000d3a9c7ff2,"Kuphal, Frami and Heathcote",3 High Crossing Point,Columbus,OH,43284,United States,39.969,-83.0114,-9717,"7,500","$47,000,000 ",3,0,Jeff Hay,n/a,US-MIDWEST,North America,AN-100114
1114,56cc64af-e31e-eb11-a814-000d3a9c7ff2,"Schulist, Casper and Dickinson",1897 Anderson Lane,Fort Lauderdale,FL,33310,United States,26.1443,-80.2069,-9026,"6,100","$19,000,000 ",7,12,Spencer Low,Food Distributors,US-SOUTH,North America,AN-100115
1115,854462d7-e61e-eb11-a814-000d3a9c7ff2,"Hayes, Kozey and Halvorson",5126 Starling Plaza,Greensboro,NC,27409,United States,36.0777,-79.9086,-1894,"4,200","$18,000,000 ",9,41,David So,Specialty Foods,US-SOUTH,North America,AN-100116
1116,36138b75-f51e-eb11-a814-000d3a9c7ff2,"Grimes Inc (Dundrum, Ireland)",883 Autumn Leaf Street,Orito,,862008,Colombia,0.66643,-76.87192,-7205,"1,800","$89,000,000 ",8,17,Sanjay Shah,Integrated oil Companies,Colombia,LATAM,AN-100117
1117,0e0a7940-f71e-eb11-a814-000d3a9c7ff2,"Ankunding Inc (Toulouse, France)",4 Scoville Road,Wichita,KS,67236,United States,37.5422,-97.2871,-9493,"4,700","$27,000,000 ",2,10,Eric Gruber,EDP Services,US-MIDWEST,North America,AN-100118
1118,ae3a1861-f61e-eb11-a814-000d3a9c7ff2,"Powlowski Group (Porsgrunn, Norway)",63900 Veith Pass,Lexington,KY,40510,United States,38.0702,-84.591,-3863,"3,600","$24,000,000 ",9,37,David So,Real Estate Investment Trusts,US-SOUTH,North America,AN-100119
1119,3bc4da0b-f31e-eb11-a814-000d3a9c7ff2,"Torphy LLC (Les Coteaux, Canada)",689 Farwell Alley,Marietta,GA,30066,United States,34.0378,-84.5038,-8873,"7,100","$38,000,000 ",7,21,Spencer Low,Major Chemicals,US-SOUTH,North America,AN-100120
1120,615b89b2-f81e-eb11-a814-000d3a9c7ff2,"Abbott Inc and Sons (Salinas, California)",2 Maple Crossing,Nashville,TN,37220,United States,36.0641,-86.7697,-8151,"9,400","$45,000,000 ",9,24,David So,Medical Specialities,US-SOUTH,North America,AN-100121
1121,954fe108-ed1e-eb11-a814-000d3a9c7ff2,"Gerlach Inc (Frontignan, France)",01 Novick Plaza,Cincinnati,OH,45254,United States,39.1668,-84.5382,-9770,"9,100","$38,000,000 ",2,22,Eric Gruber,Major Pharmaceuticals,US-MIDWEST,North America,AN-100122
1122,6b2c15a6-e21e-eb11-a814-000d3a9c7ff2,Reichel-Powlowski,9 Orin Hill,Clichy,A8,92119 CEDEX,France,48.9089753,2.3011787,550-311-5659,"7,300","$178,000,000 ",12,34,Anne Weiler,Precious Metals,France,EMEA,AN-100123
1123,2f6f9828-f31e-eb11-a814-000d3a9c7ff2,"Jones, Kihn and Fadel",1917 Fulton Junction,Fairfax,VA,22036,United States,38.7351,-77.0796,-2711,"9,100","$62,000,000 ",9,14,David So,Home Furnishings,US-SOUTH,North America,AN-100124
1124,bdfae802-ed1e-eb11-a814-000d3a9c7ff2,Abbott Inc and Sons  (Virginia),2571 Glendale Point,Bordeaux,97,33801 CEDEX,France,45.697904,0.964671,487-999-4670,"2,700","$50,000,000 ",12,14,Anne Weiler,Home Furnishings,France,EMEA,AN-100125
1125,ac1207e3-f71e-eb11-a814-000d3a9c7ff2,"Botsford-Klocko (Oxford, Canada)",14142 Mifflin Trail,Phoenix,AZ,85025,United States,33.4226,-111.7236,-10344,"4,600","$76,000,000 ",1,38,Molly Clark,Recreational Products/Toys,US-WEST,North America,AN-100126
1126,c3f19ce4-eb1e-eb11-a814-000d3a9c7ff2,"Ferry-Gusikowski (Nice, France)",390 Trailsway Place,Eaubonne,A8,95604 CEDEX,France,48.9897895,2.2868727,402-435-9083,"9,300","$25,000,000 ",12,26,Anne Weiler,Medical/Nursing Services,France,EMEA,AN-100127
1127,867843ee-f11e-eb11-a814-000d3a9c7ff2,Abbott Inc and Sons  (Michigan),061 Atwood Point,Houston,TX,77260,United States,29.7687,-95.3867,-7684,"4,000","$67,000,000 ",1,22,Molly Clark,Major Pharmaceuticals,US-SOUTH,North America,AN-100128
1128,5ce3e512-f81e-eb11-a814-000d3a9c7ff2,"Abbott Inc and Sons (Denver, Colorado)",3192 Spenser Way,Springfield,IL,62705,United States,39.7495,-89.606,-9999,"8,400","$88,000,000 ",3,18,Jeff Hay,Investment Managers,US-MIDWEST,North America,AN-100129
1129,a5bcccb9-e51e-eb11-a814-000d3a9c7ff2,"Abbott Inc and Sons (Colorado Springs, Colorado)",47860 Kings Plaza,Chicago,IL,60674,United States,41.8119,-87.6873,-5527,"9,200","$97,000,000 ",2,0,Eric Gruber,n/a,US-MIDWEST,North America,AN-100130
1130,2167fac3-e21e-eb11-a814-000d3a9c7ff2,"Barrows, Gerhold and Toy",4 Toban Street,Bloomington,IN,47405,United States,39.1682,-86.5186,-4860,"5,800","$100,000,000 ",2,3,Eric Gruber,Biotechnology: Commercial Physical & Biological Resarch,US-MIDWEST,North America,AN-100131
1131,a040ec84-f61e-eb11-a814-000d3a9c7ff2,"Bogisich-Ledner (Shizunai-furukawach?, Japan)",0270 Mesta Center,Boise,ID,83732,United States,43.4599,-116.244,-6498,"8,900","$87,000,000 ",11,7,Alicia Thomber,Computer Software: Prepackaged Software,US-WEST,North America,AN-100132
1132,b15743ef-e61e-eb11-a814-000d3a9c7ff2,"Stamm-Hodkiewicz (Créteil, France)",34703 Darwin Court,Young America,MN,55557,United States,44.8055,-93.7665,-4129,"5,400","$44,000,000 ",3,34,Jeff Hay,Precious Metals,US-MIDWEST,North America,AN-100133
1133,32dfdefd-e51e-eb11-a814-000d3a9c7ff2,"Kilback Inc (Sakado, Japan)",3 Messerschmidt Plaza,Conroe,TX,77305,United States,30.2906,-95.3832,-11048,"7,800","$19,000,000 ",1,22,Molly Clark,Major Pharmaceuticals,US-SOUTH,North America,AN-100134
1134,1329e80d-f11e-eb11-a814-000d3a9c7ff2,"Blanda, Collins and Doyle",123 Kinsman Plaza,Atlanta,GA,30375,United States,33.8444,-84.474,-4778,"8,000","$174,000,000 ",9,7,David So,Computer Software: Prepackaged Software,US-SOUTH,North America,AN-100135
1135,fd5881be-f11e-eb11-a814-000d3a9c7ff2,Hammes-Fahey,01877 Bashford Lane,White Plains,NY,10633,United States,41.119,-73.733,-2161,"4,800","$85,000,000 ",4,22,Julian Isla,Major Pharmaceuticals,US-NORTHEAST,North America,AN-100136
1136,b78e7217-de1e-eb11-a814-000d3a9c7ff2,"Predovic Inc (Gary, Indiana)",87 Londonderry Center,Takarazuka,,666-0137,Japan,34.5521789,136.5175749,-7639,"3,200","$86,000,000 ",6,35,Renee Lo,Property-Casualty Insurers,Japan,APAC,AN-100137
1137,995d31cf-f51e-eb11-a814-000d3a9c7ff2,"Hirthe Group (Montreuil, France)",1 Algoma Crossing,Kansas City,MO,64109,United States,39.0663,-94.5674,-7845,"5,600","$94,000,000 ",2,44,Eric Gruber,Water Supply,US-MIDWEST,North America,AN-100138
1138,4fc18329-f01e-eb11-a814-000d3a9c7ff2,"Lemke-Ruecker (Des Moines, Iowa)",83 Mifflin Junction,Sedan,A4,08209 CEDEX,France,49.7052493,4.9404055,192-495-7267,"3,700","$53,000,000 ",12,16,Anne Weiler,Industrial Machinery/Components,France,EMEA,AN-100139
1139,15168e87-f51e-eb11-a814-000d3a9c7ff2,"Heaney and Sons (Nantes, France)",12095 Evergreen Place,Arlington,TX,76096,United States,32.7714,-97.2915,-5077,"9,700","$95,000,000 ",1,22,Molly Clark,Major Pharmaceuticals,US-SOUTH,North America,AN-100140
1140,450fe3fe-f81e-eb11-a814-000d3a9c7ff2,"Sipes-Beatty (Chantilly, France)",6960 Westend Avenue,Ogden,UT,84409,United States,41.2553,-111.9567,-8058,"6,500","$64,000,000 ",11,36,Alicia Thomber,Real Estate,US-WEST,North America,AN-100141
1141,972b02be-e21e-eb11-a814-000d3a9c7ff2,Abbott LLC  (Hawaii),0 Hooker Crossing,Chicago,IL,60674,United States,41.8119,-87.6873,-1871,"7,600","$52,000,000 ",2,22,Eric Gruber,Major Pharmaceuticals,US-MIDWEST,North America,AN-100142
1142,e4dbbda8-f61e-eb11-a814-000d3a9c7ff2,"Erdman LLC (Rathnew, Ireland)",3850 Daystar Park,Thiers,98,63304 CEDEX,France,45.85029,3.53936,107-858-0555,"9,800","$62,000,000 ",12,39,Anne Weiler,Restaurants,France,EMEA,AN-100143
1143,dc9d617f-e41e-eb11-a814-000d3a9c7ff2,"Lockman and Sons (Houston, Texas)",78500 Clemons Way,El Zulia,,545518,Colombia,7.9980992,-72.63877,-7441,"1,600","$75,000,000 ",8,42,Sanjay Shah,Telecommunications Equipment,Colombia,LATAM,AN-100144
1144,36daa71c-f31e-eb11-a814-000d3a9c7ff2,Gerhold-Gleason,12912 Huxley Junction,Kawasaki,,999-3145,Japan,38.1536393,140.266785,-3390,"8,100","$158,000,000 ",6,0,Renee Lo,n/a,Japan,APAC,AN-100145
1145,05306f9f-f51e-eb11-a814-000d3a9c7ff2,"Zboncak, Wintheiser and Grimes",1227 Evergreen Drive,Detroit,MI,48258,United States,42.2399,-83.1508,-6485,"6,400","$29,000,000 ",3,1,Jeff Hay,Air Freight/Delivery Services,US-MIDWEST,North America,AN-100146
1146,2e735964-f31e-eb11-a814-000d3a9c7ff2,"Roob, Schneider and Spencer",0 Florence Court,Socorro,,683558,Colombia,6.4360112,-73.28833,-11157,"2,100","$59,000,000 ",8,10,Sanjay Shah,EDP Services,Colombia,LATAM,AN-100147
1147,f5b4eba1-e51e-eb11-a814-000d3a9c7ff2,Abbott LLC  (Arizona),4 Lawn Street,Richmond,VA,23203,United States,37.5593,-77.4471,-3016,"9,700","$21,000,000 ",9,37,David So,Real Estate Investment Trusts,US-SOUTH,North America,AN-100148
1148,0b3bfc7c-f81e-eb11-a814-000d3a9c7ff2,"Batz, Muller and Frami",31044 Sloan Terrace,Topeka,KS,66611,United States,39.0142,-95.6982,-1978,"4,500","$48,000,000 ",2,27,Eric Gruber,Oil & Gas Production,US-MIDWEST,North America,AN-100149
1149,dbd152e3-e61e-eb11-a814-000d3a9c7ff2,"McGlynn, King and Gerlach",1 Spaight Lane,San Carlos,,232517,Colombia,8.797145,-75.698571,-5385,"2,800","$23,000,000 ",8,8,Sanjay Shah,"Computer Software: Programming, Data Processing",Colombia,LATAM,AN-100150
1150,b316d124-f81e-eb11-a814-000d3a9c7ff2,"Bednar, Kulas and Denesik",457 Rieder Place,Pantin,A8,93504 CEDEX,France,45.7608815,4.26286,372-593-5450,"8,700","$33,000,000 ",12,17,Anne Weiler,Integrated oil Companies,France,EMEA,AN-100151
1151,d8c6dc90-f61e-eb11-a814-000d3a9c7ff2,"Padberg, Wunsch and Greenholt",110 Hoard Drive,Altkirch,C1,68134 CEDEX,France,47.620391,7.243036,820-791-1594,"6,100","$189,000,000 ",12,0,Anne Weiler,n/a,France,EMEA,AN-100152
1152,ce2e14ef-f71e-eb11-a814-000d3a9c7ff2,Abbott LLC  (Tennessee),4 Toban Park,Roissy Charles-de-Gaulle,A8,95974 CEDEX 2,France,48.989038,2.513543,214-762-8289,"7,500","$86,000,000 ",12,21,Anne Weiler,Major Chemicals,France,EMEA,AN-100153
1153,b35474a3-e31e-eb11-a814-000d3a9c7ff2,"Kuhlman and Sons (Marne-la-Vallée, France)",2 Huxley Pass,Athens,GA,30610,United States,33.9443,-83.3891,-4237,"4,800","$78,000,000 ",9,21,David So,Major Chemicals,US-SOUTH,North America,AN-100154
1154,293f73c9-e41e-eb11-a814-000d3a9c7ff2,"Torp Inc (Nantes, France)",5 Doe Crossing Drive,Houston,TX,77281,United States,29.834,-95.4342,-3968,"8,700","$108,000,000 ",1,29,Molly Clark,Oilfield Services/Equipment,US-SOUTH,North America,AN-100155
1155,c8f2e3a7-e51e-eb11-a814-000d3a9c7ff2,"Bernhard and Sons (New York City, New York)",1 Scott Trail,Creil,B6,60315 CEDEX 5,France,49.243003,2.510652,663-959-7915,"2,100","$39,000,000 ",12,38,Anne Weiler,Recreational Products/Toys,France,EMEA,AN-100156
1156,6fb1ba26-ed1e-eb11-a814-000d3a9c7ff2,"Weimann, Streich and Harber",150 Hansons Court,Angers,B5,49033 CEDEX 01,France,48.8693156,2.3501981,496-475-7754,"5,100","$20,000,000 ",12,0,Anne Weiler,n/a,France,EMEA,AN-100157
1157,2eecaa38-f41e-eb11-a814-000d3a9c7ff2,"Harris, Goldner and Hills",5470 Hanson Street,Belfort,A6,90009 CEDEX,France,47.484145,6.923811,426-958-5967,"7,400","$72,000,000 ",12,38,Anne Weiler,Recreational Products/Toys,France,EMEA,AN-100158
1158,6ca77e93-f51e-eb11-a814-000d3a9c7ff2,"Block, Kovacek and Fadel",041 Laurel Way,North Las Vegas,NV,89087,United States,36.2204,-115.1458,-8858,"6,300","$30,000,000 ",11,36,Alicia Thomber,Real Estate,US-WEST,North America,AN-100159
1159,8a5a5859-ef1e-eb11-a814-000d3a9c7ff2,Abbott LLC  (Georgia),711 North Pass,Laval,B5,53080 CEDEX 9,France,48.0762327,-0.7609009,426-773-8761,"9,600","$96,000,000 ",12,42,Anne Weiler,Telecommunications Equipment,France,EMEA,AN-100160
1160,62831067-f61e-eb11-a814-000d3a9c7ff2,"Bogan-O'Kon (Funabashi, Japan)",9 Lotheville Hill,Nandayure,,50904,Costa Rica,10.0307694,-85.2294397,-2808,"2,700","$50,000,000 ",8,29,Sanjay Shah,Oilfield Services/Equipment,Costa Rica,LATAM,AN-100161
1161,604262d7-e61e-eb11-a814-000d3a9c7ff2,"Erdman, Hammes and Gutkowski",234 Graceland Lane,Los Angeles,CA,90081,United States,33.7866,-118.2987,-8133,"9,000","$49,000,000 ",11,40,Alicia Thomber,Savings Institutions,US-WEST,North America,AN-100162
1162,8247e108-ed1e-eb11-a814-000d3a9c7ff2,"Macejkovic, Hermann and Doyle",17893 4th Lane,Saint Paul,MN,55114,United States,44.968,-93.1981,-7826,"8,500","$57,000,000 ",2,43,Eric Gruber,Transportation Services,US-MIDWEST,North America,AN-100163
1163,2d0abd2e-f91e-eb11-a814-000d3a9c7ff2,"Abbott LLC (Harrisburg, Pennsylvania)",112 Clove Street,Lyon,B9,69303 CEDEX 07,France,45.7397125,4.8372255,206-543-9813,"7,900","$57,000,000 ",12,1,Anne Weiler,Air Freight/Delivery Services,France,EMEA,AN-100164
1164,6797ed0c-f81e-eb11-a814-000d3a9c7ff2,Toy-Wilderman,25264 Mariners Cove Way,Richmond,VA,23289,United States,37.5313,-77.4161,-8718,"7,900","$158,000,000 ",9,10,David So,EDP Services,US-SOUTH,North America,AN-100165
1165,89aaba26-ed1e-eb11-a814-000d3a9c7ff2,Wehner-Oberbrunner,68766 Tomscot Junction,Salem,OR,97306,United States,44.8685,-123.0438,-1694,"9,700","$89,000,000 ",11,12,Alicia Thomber,Food Distributors,US-WEST,North America,AN-100166
1166,1bb3f0ec-f81e-eb11-a814-000d3a9c7ff2,"Abbott LLC (Pittsburgh, Pennsylvania)",8285 1st Street,Istres,B8,13807 CEDEX,France,43.4988397,4.9789041,985-197-3372,"5,700","$38,000,000 ",12,12,Anne Weiler,Food Distributors,France,EMEA,AN-100167
1167,b34fbe70-e11e-eb11-a814-000d3a9c7ff2,"Abbott LLC (Lancaster, Pennsylvania)",88261 Melvin Trail,Köln,NW,50733,Germany,50.9648271,6.9538234,-9789,"7,900","$57,000,000 ",12,7,Anne Weiler,Computer Software: Prepackaged Software,Germany,EMEA,AN-100168
1168,077e43ee-f11e-eb11-a814-000d3a9c7ff2,"Lebsack LLC (Saint-Fargeau-Ponthierry, France)",7801 Chinook Plaza,Berlin,BE,12559,Germany,52.416925,13.6492904,488-632-9142,"3,800","$87,000,000 ",12,5,Anne Weiler,Clothing/Shoe/Accessory Stores,Germany,EMEA,AN-100169
1169,0306a544-f41e-eb11-a814-000d3a9c7ff2,Abbott LLC  (Nebraska),2650 Autumn Leaf Plaza,Springfield,VA,22156,United States,38.8318,-77.2888,-1424,"7,900","$75,000,000 ",9,35,David So,Property-Casualty Insurers,US-SOUTH,North America,AN-100170
1170,5b53ccd5-ef1e-eb11-a814-000d3a9c7ff2,"Corwin Inc (Sukumo, Japan)",4927 Reinke Street,Hamburg,HH,22111,Germany,53.5483785,10.078217,341-805-2095,"6,000","$16,000,000 ",12,8,Anne Weiler,"Computer Software: Programming, Data Processing",Germany,EMEA,AN-100171
1171,6e87ebc3-de1e-eb11-a814-000d3a9c7ff2,"Tremblay Inc (Vitry-sur-Seine, France)",565 Messerschmidt Drive,Wuppertal,NW,42285,Germany,51.256002,7.1736304,224-477-4508,"2,000","$41,000,000 ",12,15,Anne Weiler,Hospital/Nursing Management,Germany,EMEA,AN-100172
1172,8ad3ccb9-e51e-eb11-a814-000d3a9c7ff2,Fay-Ebert,62296 5th Hill,Saarbrücken,SL,66119,Germany,49.2088164,7.0075837,802-891-4728,"4,400","$42,000,000 ",12,42,Anne Weiler,Telecommunications Equipment,Germany,EMEA,AN-100173
1173,98c1dc90-f61e-eb11-a814-000d3a9c7ff2,Klein-Bogisich,8 Sunnyside Terrace,Saint Louis,MO,63143,United States,38.6111,-90.3225,-3712,"3,700","$54,000,000 ",3,0,Jeff Hay,n/a,US-MIDWEST,North America,AN-100174
1174,0e6e868d-f51e-eb11-a814-000d3a9c7ff2,Corkery-Reinger,39588 Haas Road,Stykkishólmur,,340,Iceland,65.0775016,-22.7234818,-8551,"1,900","$177,000,000 ",12,21,Anne Weiler,Major Chemicals,Iceland,EMEA,AN-100175
1175,b6b85fab-f51e-eb11-a814-000d3a9c7ff2,Abbott LLC  (Minnesota),4 Cordelia Crossing,Birmingham,AL,35220,United States,33.5446,-86.9292,-10185,"3,900","$94,000,000 ",7,40,Spencer Low,Savings Institutions,US-SOUTH,North America,AN-100176
1176,fffffc00-f81e-eb11-a814-000d3a9c7ff2,"Abbott LLC (Philadelphia, Pennsylvania)",70 Gulseth Alley,Ridderkerk,11,2989,Netherlands,51.8530202,4.6175276,-4809,"9,100","$122,000,000 ",12,22,Anne Weiler,Major Pharmaceuticals,Netherlands,EMEA,AN-100177
1177,98169f05-f01e-eb11-a814-000d3a9c7ff2,"Gleason-Kessler (Pentre, United Kingdom)",6219 Hagan Terrace,Priozërsk,,188760,Russia,61.0390194,30.1341099,-10150,"7,600","$176,000,000 ",12,26,Anne Weiler,Medical/Nursing Services,Russia,EMEA,AN-100178
1178,7b8c9a69-f51e-eb11-a814-000d3a9c7ff2,Abbott LLC  (Illinois),10707 Nevada Street,Clanwilliam,,8138,South Africa,-25.8700559,28.158466,-7974,"9,600","$28,000,000 ",12,4,Anne Weiler,Business Services,South Africa,EMEA,AN-100179
1179,835f7a11-de1e-eb11-a814-000d3a9c7ff2,Grimes-Bailey,77542 Calypso Crossing,Göteborg,O,411 10,Sweden,57.7040021,11.9696406,-11392,"2,700","$176,000,000 ",12,37,Anne Weiler,Real Estate Investment Trusts,Sweden,EMEA,AN-100180
1180,b4dd8d2e-f71e-eb11-a814-000d3a9c7ff2,Morissette-Herzog,8 Carpenter Crossing,Umm al Qaywayn,,,United Arab Emirates,25.5204824,55.7133909,957-337-9753,"3,900","$85,000,000 ",12,21,Anne Weiler,Major Chemicals,United Arab Emirates,EMEA,AN-100181
1181,2f6143ef-e61e-eb11-a814-000d3a9c7ff2,Bailey-Hansen,13006 Burrows Crossing,Charlotte,NC,28256,United States,35.26,-80.8042,-2703,"6,400","$49,000,000 ",9,27,David So,Oil & Gas Production,US-SOUTH,North America,AN-100182
1182,a97ec1cb-e51e-eb11-a814-000d3a9c7ff2,Reichel-Lang,5 Canary Road,El Paso,TX,88546,United States,31.6948,-106.3,-10304,"10,000","$26,000,000 ",1,6,Molly Clark,Computer Manufacturing,US-SOUTH,North America,AN-100183
1183,f38391ff-dd1e-eb11-a814-000d3a9c7ff2,Abbott LLC  (Solomon Islands),322 Larry Hill,Merton,ENG,SW19,United Kingdom,51.4255297,-0.2050566,-1124,"4,300","$95,000,000 ",12,22,Anne Weiler,Major Pharmaceuticals,United Kingdom,EMEA,AN-100184
1184,ad2cca22-f91e-eb11-a814-000d3a9c7ff2,Abbott LLC  (Oregon),3327 Thierer Parkway,Walton,ENG,CV35,United Kingdom,52.177639,-1.585418,-6206,"7,100","$190,000,000 ",12,28,Anne Weiler,Oil/Gas Transmission,United Kingdom,EMEA,AN-100185
1185,50f825de-f01e-eb11-a814-000d3a9c7ff2,"Swaniawski-Murray (Nakama, Japan)",836 Sommers Point,Washington,DC,20337,United States,38.8933,-77.0146,-9285,"6,800","$36,000,000 ",7,22,Spencer Low,Major Pharmaceuticals,US-SOUTH,North America,AN-100186
1186,2ccb63d5-e41e-eb11-a814-000d3a9c7ff2,Abbott LLC  (Kentucky),950 Westport Way,Samayac,,10009,Guatemala,14.5802198,-91.4656296,-1610,"2,100","$59,000,000 ",8,0,Sanjay Shah,n/a,Guatemala,LATAM,AN-100187
1187,67999055-e41e-eb11-a814-000d3a9c7ff2,"Jenkins-Bayer (Houston, Texas)",59634 Magdeline Point,London,ENG,W1F,United Kingdom,51.5136143,-0.1365486,-1409,"2,400","$45,000,000 ",12,37,Anne Weiler,Real Estate Investment Trusts,United Kingdom,EMEA,AN-100188
1188,bf4fb68b-e41e-eb11-a814-000d3a9c7ff2,Koch-McClure,562 Mcguire Alley,Milton,SCT,AB56,United Kingdom,57.6727414,-2.955445,-3713,"5,500","$165,000,000 ",12,19,Anne Weiler,Life Insurance,United Kingdom,EMEA,AN-100189
1189,7f3f14ef-f71e-eb11-a814-000d3a9c7ff2,"Harvey Inc (La Roche-sur-Yon, France)",4507 Leroy Drive,Walton,ENG,CV35,United Kingdom,52.177639,-1.585418,-8309,"9,700","$180,000,000 ",12,22,Anne Weiler,Major Pharmaceuticals,United Kingdom,EMEA,AN-100190
1190,169a9d7b-f51e-eb11-a814-000d3a9c7ff2,Roberts-Becker,41147 Elka Alley,Pentre,WLS,SY4,United Kingdom,52.753093,-2.941678,-3548,"7,600","$69,000,000 ",12,0,Anne Weiler,n/a,United Kingdom,EMEA,AN-100191
1191,e3d871ca-f11e-eb11-a814-000d3a9c7ff2,"Johnston LLC (Trondheim, Norway)",79 Welch Crossing,Belfast,NIR,BT2,United Kingdom,54.5940619,-5.9308088,781-877-9475,"4,000","$30,000,000 ",12,22,Anne Weiler,Major Pharmaceuticals,United Kingdom,EMEA,AN-100192
1192,a191a53e-f41e-eb11-a814-000d3a9c7ff2,"Kshlerin-Little (Takahama, Japan)",41889 Ilene Avenue,El Quetzal,,12020,Guatemala,14.6213127,-90.5500942,-1778,"2,700","$176,000,000 ",8,24,Sanjay Shah,Medical Specialities,Guatemala,LATAM,AN-100193
1193,a83a1994-e21e-eb11-a814-000d3a9c7ff2,Abbott LLC  (District of Columbia),84192 Memorial Center,Oxnard,CA,93034,United States,34.0324,-119.1343,-8243,"9,300","$36,000,000 ",11,42,Alicia Thomber,Telecommunications Equipment,US-WEST,North America,AN-100194
1194,cad56441-f01e-eb11-a814-000d3a9c7ff2,"Kris and Sons (Denver, Colorado)",210 Old Shore Pass,Alcaldedíaz,,,Panama,9.1169815,-79.5715822,-3669,"2,300","$99,000,000 ",8,27,Sanjay Shah,Oil & Gas Production,Panama,LATAM,AN-100195
1195,2049629a-f71e-eb11-a814-000d3a9c7ff2,"Reilly Inc (El Paso, Texas)",35 Del Mar Parkway,Birmingham,AL,35254,United States,33.5446,-86.9292,-9008,"4,700","$39,000,000 ",9,33,David So,Paper,US-SOUTH,North America,AN-100196
1196,c76cfac3-e21e-eb11-a814-000d3a9c7ff2,Abbott LLC  (Nevada),8 Cascade Hill,Atlanta,GA,31190,United States,33.7629,-84.4226,-8546,"4,300","$95,000,000 ",9,16,David So,Industrial Machinery/Components,US-SOUTH,North America,AN-100197
1197,c4bbeba1-e51e-eb11-a814-000d3a9c7ff2,"Davis Group (Bobigny, France)",993 Macpherson Junction,Brisbane,QLD,9010,Australia,-27.4697707,153.0251235,508-684-6697,"4,500","$91,000,000 ",6,2,Renee Lo,Automotive Aftermarket,Australia,APAC,AN-100198
1198,1e02145b-f61e-eb11-a814-000d3a9c7ff2,"Vandervort Group (Toulouse, France)",80 Kensington Street,Rochester,NY,14614,United States,43.1558,-77.6142,-5863,"5,100","$90,000,000 ",4,13,Julian Isla,Forest Products,US-NORTHEAST,North America,AN-100199
1199,a4f7b4b0-ed1e-eb11-a814-000d3a9c7ff2,Abbott LLC  (Texas),657 Swallow Parkway,London,ENG,EC1V,United Kingdom,51.5267946,-0.0983812,632-154-8067,"8,200","$29,000,000 ",12,15,Anne Weiler,Hospital/Nursing Management,United Kingdom,EMEA,AN-100200
1200,79618ab7-e41e-eb11-a814-000d3a9c7ff2,"Cremin Inc (Aix-en-Provence, France)",5535 Golf Course Court,Philadelphia,PA,19120,United States,40.0343,-75.1213,-9252,"9,600","$28,000,000 ",4,41,Julian Isla,Specialty Foods,US-NORTHEAST,North America,AN-100201
1201,1dc2eaf8-f81e-eb11-a814-000d3a9c7ff2,"Conn LLC (Parksville, Canada)",13200 Jay Junction,Stapleford,ENG,LN6,United Kingdom,53.10672,-0.687802,466-147-9437,"9,200","$64,000,000 ",12,27,Anne Weiler,Oil & Gas Production,United Kingdom,EMEA,AN-100202
1202,f8d298ea-df1e-eb11-a814-000d3a9c7ff2,"Abbott, Abbott and Tillman",004 Troy Street,Little Rock,AR,72215,United States,34.7519,-92.3925,-8145,"6,200","$107,000,000 ",1,7,Molly Clark,Computer Software: Prepackaged Software,US-SOUTH,North America,AN-100203
1203,59900ea0-e21e-eb11-a814-000d3a9c7ff2,"Abbott, Abshire and Eichmann",94 Golf Course Way,Springfield,IL,62705,United States,39.7495,-89.606,-4769,"3,500","$44,000,000 ",2,28,Eric Gruber,Oil/Gas Transmission,US-MIDWEST,North America,AN-100204
1204,390cf5be-f71e-eb11-a814-000d3a9c7ff2,"Abbott, Ankunding and Kreiger",37690 Shasta Crossing,Dayton,OH,45432,United States,39.739,-84.0856,-4475,"10,000","$53,000,000 ",2,8,Eric Gruber,"Computer Software: Programming, Data Processing",US-MIDWEST,North America,AN-100205
1205,3c66acd8-eb1e-eb11-a814-000d3a9c7ff2,"Abbott, Ankunding and Schuster",7915 Bayside Circle,Columbus,GA,31914,United States,32.491,-84.8741,-1416,"7,600","$176,000,000 ",9,24,David So,Medical Specialities,US-SOUTH,North America,AN-100206
1206,fa2a00f1-ec1e-eb11-a814-000d3a9c7ff2,"Abbott, Bartell and Sanford",12749 Veith Crossing,Sacramento,CA,94230,United States,38.3774,-121.4444,-7652,"3,600","$41,000,000 ",11,4,Alicia Thomber,Business Services,US-WEST,North America,AN-100207
1207,2e6d3713-e61e-eb11-a814-000d3a9c7ff2,"Abbott, Beahan and Lakin",93 Summerview Lane,Bradenton,FL,34205,United States,27.4841,-82.5834,-6034,"6,100","$77,000,000 ",9,21,David So,Major Chemicals,US-SOUTH,North America,AN-100208
1208,0ce46a1d-de1e-eb11-a814-000d3a9c7ff2,"Abbott, Beatty and Haley",23672 Summerview Pass,Fresno,CA,93740,United States,36.7464,-119.6397,-5274,"7,900","$46,000,000 ",11,14,Alicia Thomber,Home Furnishings,US-WEST,North America,AN-100209
1209,1540c9c5-e51e-eb11-a814-000d3a9c7ff2,"Abbott, Beatty and Wilderman",0 Northwestern Way,Osoyoos,BC,N9V,Canada,49.03306,-119.45237,458-321-6652,"7,100","$190,000,000 ",10,5,Alan Steiner,Clothing/Shoe/Accessory Stores,Canada,North America,AN-100210
1210,2d6143ef-e61e-eb11-a814-000d3a9c7ff2,"Abbott, Beatty and Zboncak",39 Waxwing Plaza,Aberdeen,SCT,AB39,United Kingdom,56.968436,-2.2508745,517-743-7138,"5,400","$99,000,000 ",12,39,Anne Weiler,Restaurants,United Kingdom,EMEA,AN-100211
1211,52a8ba26-ed1e-eb11-a814-000d3a9c7ff2,"Abbott, Beier and Torp",43803 Charing Cross Alley,Colón,,,Panama,9.359302,-79.8998608,-2656,"2,200","$48,000,000 ",8,43,Sanjay Shah,Transportation Services,Panama,LATAM,AN-100212
1212,8bde09b8-e21e-eb11-a814-000d3a9c7ff2,"Abbott, Berge and Mueller",414 Cascade Place,Des Moines,IA,50981,United States,41.6727,-93.5722,-1868,"8,900","$66,000,000 ",3,36,Jeff Hay,Real Estate,US-MIDWEST,North America,AN-100213
1213,af73d8fe-f41e-eb11-a814-000d3a9c7ff2,"Abbott, Berge and Toy",53 Lunder Plaza,Santa Fe,NM,87592,United States,35.5212,-105.9818,-10422,"8,000","$6,000,000 ",1,40,Molly Clark,Savings Institutions,US-WEST,North America,AN-100214
1214,dfa94a64-f71e-eb11-a814-000d3a9c7ff2,"Abbott, Bernhard and Kautzer",179 Havey Hill,Lubbock,TX,79491,United States,33.61,-101.8213,-9878,"6,500","$91,000,000 ",1,20,Molly Clark,Major Banks,US-SOUTH,North America,AN-100215
1215,d2797940-f31e-eb11-a814-000d3a9c7ff2,"Abbott, Bernhard and McKenzie",5381 Haas Hill,Lévis,QC,G6W,Canada,46.7530428,-71.2196569,144-293-1315,"1,900","$177,000,000 ",10,39,Alan Steiner,Restaurants,Canada,North America,AN-100216
1216,4dbd0f18-f21e-eb11-a814-000d3a9c7ff2,"Abbott, Bins and Murazik",6 Morningstar Way,New York City,NY,10203,United States,40.7808,-73.9772,-4641,"4,000","$89,000,000 ",4,34,Julian Isla,Precious Metals,US-NORTHEAST,North America,AN-100217
1217,bf57e554-e61e-eb11-a814-000d3a9c7ff2,"Abbott, Boehm and Kutch",5550 Hallows Court,Lac La Biche,AB,E1W,Canada,54.7669,-111.96861,940-978-6396,"5,200","$39,000,000 ",10,40,Alan Steiner,Savings Institutions,Canada,North America,AN-100218
1218,3f91b142-f81e-eb11-a814-000d3a9c7ff2,"Abbott, Boehm and Orn",6 Twin Pines Alley,Guararé,,,Panama,7.8086531,-80.2711588,-8965,"1,600","$46,000,000 ",8,7,Sanjay Shah,Computer Software: Prepackaged Software,Panama,LATAM,AN-100219
1219,b2dd633b-e71e-eb11-a814-000d3a9c7ff2,"Abbott, Botsford and Rempel",273 Sheridan Lane,Omemee,ON,V1E,Canada,44.29897,-78.55989,304-509-0097,"8,000","$92,000,000 ",10,37,Alan Steiner,Real Estate Investment Trusts,Canada,North America,AN-100220
1220,c3c35fab-f51e-eb11-a814-000d3a9c7ff2,"Abbott, Boyle and Hilll",73847 Miller Terrace,Memphis,TN,38119,United States,35.0821,-89.8501,-11053,"4,400","$39,000,000 ",9,30,David So,Ordnance And Accessories,US-SOUTH,North America,AN-100221
1221,9ed4a948-f81e-eb11-a814-000d3a9c7ff2,"Abbott, Brakus and Quitzon",2444 Old Shore Lane,Trenton,NJ,8608,United States,40.2204,-74.7622,-2756,"8,000","$23,000,000 ",4,37,Julian Isla,Real Estate Investment Trusts,US-NORTHEAST,North America,AN-100222
1222,b40e5e84-f41e-eb11-a814-000d3a9c7ff2,"Abbott, Breitenberg and Hickle",64 Kingsford Pass,Strathmore,AB,T1P,Canada,51.0376583,-113.3992725,777-100-3322,"10,000","$96,000,000 ",10,35,Alan Steiner,Property-Casualty Insurers,Canada,North America,AN-100223
1223,e17ad4b3-e51e-eb11-a814-000d3a9c7ff2,"Abbott, Breitenberg and Schoen",0 Dayton Alley,Río Alejandro,,,Panama,9.3733566,-79.7890462,-8294,"2,200","$48,000,000 ",8,29,Sanjay Shah,Oilfield Services/Equipment,Panama,LATAM,AN-100224
1224,974b50b7-f51e-eb11-a814-000d3a9c7ff2,"Abbott, Brekke and Blanda",3 Melody Terrace,Denver,CO,80235,United States,39.6472,-105.0795,-3948,"3,800","$100,000,000 ",1,18,Molly Clark,Investment Managers,US-WEST,North America,AN-100225
1225,7d51cbc0-eb1e-eb11-a814-000d3a9c7ff2,"Abbott, Connelly and Pagac",9 Elgar Road,Charlottesville,VA,22903,United States,38.0339,-78.4924,-6822,"4,100","$25,000,000 ",9,39,David So,Restaurants,US-SOUTH,North America,AN-100226
1226,72178e87-f51e-eb11-a814-000d3a9c7ff2,"Abbott, Conroy and Torp",69010 Calypso Alley,San Isidro,NLE,64103,Mexico,25.7232439,-100.3671389,670-398-8345,"9,600","$90,000,000 ",1,15,Molly Clark,Hospital/Nursing Management,Mexico,North America,AN-100227
1227,00c48905-de1e-eb11-a814-000d3a9c7ff2,"Abbott, Corkery and Marks",8 Birchwood Way,La Cruz,JAL,47707,Mexico,23.9211737,-106.8915948,917-993-4683,"6,400","$95,000,000 ",1,35,Molly Clark,Property-Casualty Insurers,Mexico,North America,AN-100228
1228,cfc3eba1-e51e-eb11-a814-000d3a9c7ff2,"Abbott, Cruickshank and Kreiger",444 Hayes Drive,Timmins,ON,P4P,Canada,48.4980698,-81.3463468,871-568-7926,"4,400","$156,000,000 ",10,39,Alan Steiner,Restaurants,Canada,North America,AN-100229
1229,dd79d4b3-e51e-eb11-a814-000d3a9c7ff2,"Abbott, Cummerata and Cartwright",2 Westend Lane,Philadelphia,PA,19093,United States,40.0018,-75.1179,-8040,"5,300","$17,000,000 ",4,34,Julian Isla,Precious Metals,US-NORTHEAST,North America,AN-100230
1230,54cf2b83-ef1e-eb11-a814-000d3a9c7ff2,"Abbott, Cummings and Schamberger",6066 Fuller Pass,Mont-Tremblant,QC,J8E,Canada,46.1223915,-74.5838514,297-703-9088,"2,200","$36,000,000 ",10,30,Alan Steiner,Ordnance And Accessories,Canada,North America,AN-100231
1231,2cfb9ce4-eb1e-eb11-a814-000d3a9c7ff2,"Abbott, Cummings and Schiller",0 American Way,Tambobamba,,,Peru,-13.945728,-72.1756733,-1216,"2,100","$39,000,000 ",8,20,Sanjay Shah,Major Banks,Peru,LATAM,AN-100232
1232,5440c925-f11e-eb11-a814-000d3a9c7ff2,"Abbott, D'Amore and Gleichner",3832 Nelson Place,New Orleans,LA,70129,United States,30.0877,-89.8462,-10090,"4,600","$32,000,000 ",1,5,Molly Clark,Clothing/Shoe/Accessory Stores,US-SOUTH,North America,AN-100233
1233,ca0b6ad1-e61e-eb11-a814-000d3a9c7ff2,"Abbott, Daniel and Koch",554 Forest Run Park,Colorado Springs,CO,80915,United States,38.8558,-104.7134,-9915,"4,000","$46,000,000 ",1,32,Molly Clark,Packaged Foods,US-WEST,North America,AN-100234
1234,8f4fcd9c-f61e-eb11-a814-000d3a9c7ff2,"Abbott, Denesik and West",1 Columbus Court,Evansville,IN,47725,United States,38.1071,-87.5256,-5406,"8,500","$32,000,000 ",2,8,Eric Gruber,"Computer Software: Programming, Data Processing",US-MIDWEST,North America,AN-100235
1235,a2d46441-f01e-eb11-a814-000d3a9c7ff2,"Abbott, Dooley and Prohaska",928 Badeau Terrace,Las Animas,GRO,39280,Mexico,19.2558715,-99.0165468,758-288-6146,"9,200","$106,000,000 ",1,29,Molly Clark,Oilfield Services/Equipment,Mexico,North America,AN-100236
1236,dc9b94f0-eb1e-eb11-a814-000d3a9c7ff2,"Abbott, Dooley and Senger",6879 Kensington Junction,Summerside,PE,C1N,Canada,46.4027492,-63.7716391,592-618-4518,"6,600","$76,000,000 ",10,15,Alan Steiner,Hospital/Nursing Management,Canada,North America,AN-100237
1237,4b57fffb-f01e-eb11-a814-000d3a9c7ff2,"Abbott, Durgan and Gislason",746 Union Alley,Meridian,MS,39305,United States,32.4401,-88.6783,-8771,"7,200","$98,000,000 ",9,26,David So,Medical/Nursing Services,US-SOUTH,North America,AN-100238
1238,8d89fc42-e61e-eb11-a814-000d3a9c7ff2,"Abbott, Durgan and Wintheiser",033 Ohio Drive,Mount Pearl,NL,A1N,Canada,47.5206407,-52.8076818,191-176-5821,"9,300","$74,000,000 ",10,38,Alan Steiner,Recreational Products/Toys,Canada,North America,AN-100239
1239,63cbc428-f91e-eb11-a814-000d3a9c7ff2,"Abbott, Durgan and Zulauf",9463 Valley Edge Court,Washington,DC,20525,United States,38.8933,-77.0146,-4147,"6,900","$150,000,000 ",9,43,David So,Transportation Services,US-SOUTH,North America,AN-100240
1240,d51cde18-f81e-eb11-a814-000d3a9c7ff2,"Abbott, Ebert and Moen",893 Sloan Park,Ashcroft,BC,L0R,Canada,50.72372,-121.28207,466-210-9588,"6,300","$173,000,000 ",10,19,Alan Steiner,Life Insurance,Canada,North America,AN-100241
1241,0706c90a-f51e-eb11-a814-000d3a9c7ff2,"Abbott, Effertz and Dicki",9715 Carpenter Circle,Los Fresnos,GUA,36750,Mexico,20.9455701,-101.4423451,145-708-7902,"4,000","$97,000,000 ",1,25,Molly Clark,Medical/Dental Instruments,Mexico,North America,AN-100242
1242,f37ff8f6-ec1e-eb11-a814-000d3a9c7ff2,"Abbott, Effertz and Huel",42 Mallory Road,Philadelphia,PA,19125,United States,39.9788,-75.1262,-3653,"3,300","$56,000,000 ",4,43,Julian Isla,Transportation Services,US-NORTHEAST,North America,AN-100243
1243,3f9c2fa8-f41e-eb11-a814-000d3a9c7ff2,"Abbott, Effertz and Kirlin",31 Linden Parkway,San Isidro,VER,94723,Mexico,19.482042,-99.1985584,921-346-9443,"7,300","$75,000,000 ",1,21,Molly Clark,Major Chemicals,Mexico,North America,AN-100244
1244,170f5db5-e31e-eb11-a814-000d3a9c7ff2,"Abbott, Farrell and VonRueden",57821 Hagan Way,Charlotte,NC,28205,United States,35.22,-80.7881,-6591,"8,400","$15,000,000 ",7,20,Spencer Low,Major Banks,US-SOUTH,North America,AN-100245
1245,8fae5adc-f11e-eb11-a814-000d3a9c7ff2,"Abbott, Farrell and Zieme",75604 Evergreen Way,Dorchester,ON,E4K,Canada,45.900828,-64.5169467,619-706-6934,"6,300","$74,000,000 ",10,35,Alan Steiner,Property-Casualty Insurers,Canada,North America,AN-100246
1246,3a3d3b77-ef1e-eb11-a814-000d3a9c7ff2,"Abbott, Feil and Denesik",5 Clove Place,Meadow Lake,SK,S9X,Canada,54.1212091,-108.4295552,383-436-0398,"7,500","$7,000,000 ",10,1,Alan Steiner,Air Freight/Delivery Services,Canada,North America,AN-100247
1247,93cf0ef0-f01e-eb11-a814-000d3a9c7ff2,"Abbott, Frami and Bednar",0 Lindbergh Parkway,Springfield,MA,1114,United States,42.1707,-72.6048,-6894,"4,000","$15,000,000 ",4,9,Julian Isla,Diversified Commercial Services,US-NORTHEAST,North America,AN-100248
1248,a5cb4ed7-f61e-eb11-a814-000d3a9c7ff2,"Abbott, Frami and Brown",99193 Ridgeview Place,Aston,ENG,TF6,United Kingdom,52.684744,-2.569913,735-631-7154,"7,400","$36,000,000 ",12,19,Anne Weiler,Life Insurance,United Kingdom,EMEA,AN-100249
1249,c6204df6-f31e-eb11-a814-000d3a9c7ff2,"Abbott, Friesen and Breitenberg",7277 Utah Circle,Victoria,BC,V9A,Canada,48.4373686,-123.4112839,414-315-2628,"3,400","$144,000,000 ",10,32,Alan Steiner,Packaged Foods,Canada,North America,AN-100250
1250,c1366f9f-f51e-eb11-a814-000d3a9c7ff2,"Abbott, Funk and Feest",4183 Shasta Avenue,Grand Bank,NL,E8K,Canada,47.09995,-55.76504,480-279-1444,"9,400","$87,000,000 ",10,9,Alan Steiner,Diversified Commercial Services,Canada,North America,AN-100251
1251,22cd64af-e31e-eb11-a814-000d3a9c7ff2,"Abbott, Gislason and Hoppe",136 Fisk Junction,Atlanta,GA,31165,United States,33.7629,-84.4226,-2551,"3,600","$43,000,000 ",9,12,David So,Food Distributors,US-SOUTH,North America,AN-100252
1252,e4a1c3c6-eb1e-eb11-a814-000d3a9c7ff2,"Abbott, Gleichner and Leuschke",52 Mallory Street,Normandin,QC,G0H,Canada,48.83328,-72.53209,245-904-1590,"3,200","$10,000,000 ",10,30,Alan Steiner,Ordnance And Accessories,Canada,North America,AN-100253
1253,91cc4ed7-f61e-eb11-a814-000d3a9c7ff2,"Abbott, Gorczany and D'Amore",3977 Farragut Way,Omaha,NE,68124,United States,41.2338,-96.0495,-6320,"5,500","$75,000,000 ",2,2,Eric Gruber,Automotive Aftermarket,US-MIDWEST,North America,AN-100254
1254,4c22a2b4-f31e-eb11-a814-000d3a9c7ff2,"Abbott, Gottlieb and Bergnaum",50 Vera Plaza,Sydney,NSW,1171,Australia,-33.863927,151.201887,246-638-2958,"1,800","$48,000,000 ",6,44,Renee Lo,Water Supply,Australia,APAC,AN-100255
1255,b614ca1a-ed1e-eb11-a814-000d3a9c7ff2,"Abbott, Gottlieb and Homenick",3 Burrows Court,Beausejour,MB,M1C,Canada,50.0622,-96.51669,911-769-5930,"8,000","$31,000,000 ",10,30,Alan Steiner,Ordnance And Accessories,Canada,North America,AN-100256
1256,d38216ea-f01e-eb11-a814-000d3a9c7ff2,"Abbott, Goyette and Gerlach",77710 Morrow Way,Columbus,OH,43220,United States,40.0495,-83.0669,-5994,"7,700","$72,000,000 ",3,29,Jeff Hay,Oilfield Services/Equipment,US-MIDWEST,North America,AN-100257
1257,cfd3bce1-ef1e-eb11-a814-000d3a9c7ff2,"Abbott, Green and Rutherford",4641 Mcguire Plaza,Acarí,,,Peru,-15.4384565,-74.6180833,-6987,"4,400","$156,000,000 ",8,0,Sanjay Shah,n/a,Peru,LATAM,AN-100258
1258,49cf3acc-f01e-eb11-a814-000d3a9c7ff2,"Abbott, Greenfelder and Grant",88 Thompson Terrace,Eastern Suburbs Mc,NSW,1325,Australia,-33.93274,151.188577,912-227-9263,"2,900","$96,000,000 ",6,43,Renee Lo,Transportation Services,Australia,APAC,AN-100259
1259,ea301f0c-f21e-eb11-a814-000d3a9c7ff2,"Abbott, Greenfelder and Harber",58385 Oak Valley Alley,Carhuamayo,,,Peru,-10.9207843,-76.0594972,-2522,"1,800","$48,000,000 ",8,37,Sanjay Shah,Real Estate Investment Trusts,Peru,LATAM,AN-100260
1260,648b3043-f61e-eb11-a814-000d3a9c7ff2,"Abbott, Greenfelder and Hills",775 Gale Alley,Lévis,QC,G6W,Canada,46.7530428,-71.2196569,434-940-6219,"6,500","$68,000,000 ",10,15,Alan Steiner,Hospital/Nursing Management,Canada,North America,AN-100261
1261,3396f17e-f61e-eb11-a814-000d3a9c7ff2,"Abbott, Greenholt and Eichmann",1 Dunning Parkway,Saint Petersburg,FL,33737,United States,27.8918,-82.7248,-5794,"8,000","$16,000,000 ",9,40,David So,Savings Institutions,US-SOUTH,North America,AN-100262
1262,ffdabce1-ef1e-eb11-a814-000d3a9c7ff2,"Abbott, Greenholt and Kihn",2 Hooker Parkway,New-Richmond,QC,J7R,Canada,48.16059,-65.85823,348-361-3311,"6,200","$122,000,000 ",10,1,Alan Steiner,Air Freight/Delivery Services,Canada,North America,AN-100263
1263,bcafcb2a-f81e-eb11-a814-000d3a9c7ff2,"Abbott, Greenholt and Turner",0908 Dahle Center,Santa Barbara,CA,93111,United States,34.4453,-119.8025,-8620,"7,500","$47,000,000 ",11,35,Alicia Thomber,Property-Casualty Insurers,US-WEST,North America,AN-100264
1264,d824ed4e-e61e-eb11-a814-000d3a9c7ff2,"Abbott, Grimes and Schowalter",3 Farmco Terrace,Carol Stream,IL,60158,United States,41.9166,-88.1208,-3588,"6,100","$19,000,000 ",2,19,Eric Gruber,Life Insurance,US-MIDWEST,North America,AN-100265
1265,feb082bd-e41e-eb11-a814-000d3a9c7ff2,"Abbott, Gulgowski and Bogan",917 6th Street,Aurora,IL,60505,United States,41.7582,-88.2971,-9918,"4,200","$18,000,000 ",2,17,Eric Gruber,Integrated oil Companies,US-MIDWEST,North America,AN-100266
1266,13f89391-f11e-eb11-a814-000d3a9c7ff2,"Abbott, Gutmann and Brekke",3 Talisman Alley,Fort Smith,AR,72905,United States,35.191,-94.2382,-6775,"3,100","$82,000,000 ",1,23,Molly Clark,Marine Transportation,US-SOUTH,North America,AN-100267
1267,a879f9d1-f41e-eb11-a814-000d3a9c7ff2,"Abbott, Hackett and Simonis",70 Arrowood Drive,Oklahoma City,OK,73119,United States,35.421,-97.5616,-9764,"4,700","$27,000,000 ",1,28,Molly Clark,Oil/Gas Transmission,US-SOUTH,North America,AN-100268
1268,15fec036-f81e-eb11-a814-000d3a9c7ff2,"Abbott, Hahn and Schumm",27172 Bobwhite Avenue,Springfield,OH,45505,United States,39.9106,-83.7856,-6102,"3,600","$24,000,000 ",3,21,Jeff Hay,Major Chemicals,US-MIDWEST,North America,AN-100269
1269,e1c8eaf8-f81e-eb11-a814-000d3a9c7ff2,"Abbott, Hahn and Steuber",5 Hoard Place,Saint Louis,MO,63167,United States,38.6383,-90.4271,-2897,"7,100","$38,000,000 ",2,25,Eric Gruber,Medical/Dental Instruments,US-MIDWEST,North America,AN-100270
1270,728dc12b-f11e-eb11-a814-000d3a9c7ff2,"Abbott, Halvorson and Hackett",12 Hoffman Street,Sydney,NSW,1033,Australia,-33.8688197,151.2092955,797-285-0589,"9,400","$45,000,000 ",6,34,Renee Lo,Precious Metals,Australia,APAC,AN-100271
1271,0b4e2b07-dd1e-eb11-a814-000d3a9c7ff2,"Abbott, Halvorson and Rau",3904 Forster Street,Port-Cartier,QC,G5B,Canada,50.0234664,-66.8869412,404-777-2042,"9,100","$38,000,000 ",10,16,Alan Steiner,Industrial Machinery/Components,Canada,North America,AN-100272
1272,3cccccb9-e51e-eb11-a814-000d3a9c7ff2,"Abbott, Hammes and Bartoletti",334 Donald Plaza,Magog,QC,J1X,Canada,45.2879358,-72.1547927,990-157-9287,"5,500","$165,000,000 ",10,12,Alan Steiner,Food Distributors,Canada,North America,AN-100273
1273,2c16b5e7-ef1e-eb11-a814-000d3a9c7ff2,"Abbott, Hammes and Kohler",94 Mallard Circle,Fort Wayne,IN,46814,United States,41.0456,-85.3058,-5320,"9,100","$62,000,000 ",2,1,Eric Gruber,Air Freight/Delivery Services,US-MIDWEST,North America,AN-100274
1274,fd56c220-ed1e-eb11-a814-000d3a9c7ff2,"Abbott, Hammes and Marquardt",668 Ilene Parkway,La Tinguiña,,,Peru,-14.0393995,-75.7051647,-3778,"3,100","$82,000,000 ",8,16,Sanjay Shah,Industrial Machinery/Components,Peru,LATAM,AN-100275
1275,e93502be-e21e-eb11-a814-000d3a9c7ff2,"Abbott, Hane and Feil",3 Darwin Parkway,Eastern Suburbs Mc,NSW,1315,Australia,-38.043127,145.297768,485-513-6645,"4,600","$76,000,000 ",6,27,Renee Lo,Oil & Gas Production,Australia,APAC,AN-100276
1276,31a24a64-f71e-eb11-a814-000d3a9c7ff2,"Abbott, Hartmann and Rempel",55888 Waywood Avenue,New York City,NY,10079,United States,40.7808,-73.9772,-8409,"9,700","$180,000,000 ",4,29,Julian Isla,Oilfield Services/Equipment,US-NORTHEAST,North America,AN-100277
1277,1502c136-f81e-eb11-a814-000d3a9c7ff2,"Abbott, Heaney and Rempel",5824 Oakridge Street,Windsor,ON,J1S,Canada,45.5787215,-72.001055,347-101-8379,"4,000","$67,000,000 ",10,38,Alan Steiner,Recreational Products/Toys,Canada,North America,AN-100278
1278,a3788b23-f01e-eb11-a814-000d3a9c7ff2,"Abbott, Hegmann and Greenholt",60057 Carberry Terrace,Norwalk,CT,6854,United States,41.0957,-73.4285,-4361,"8,400","$88,000,000 ",4,11,Julian Isla,Electric Utilities: Central,US-NORTHEAST,North America,AN-100279
1279,8dec7699-f51e-eb11-a814-000d3a9c7ff2,"Abbott, Heidenreich and Beer",18571 Steensland Lane,Lacombe,AB,T4L,Canada,52.4630512,-113.7286241,541-640-4520,"9,200","$97,000,000 ",10,26,Alan Steiner,Medical/Nursing Services,Canada,North America,AN-100280
1280,7de28d2e-f71e-eb11-a814-000d3a9c7ff2,"Abbott, Heller and Kulas",33 Orin Court,Pocatello,ID,83206,United States,42.6395,-112.3138,-8520,"5,800","$100,000,000 ",11,1,Alicia Thomber,Air Freight/Delivery Services,US-WEST,North America,AN-100281
1281,ed14214f-f61e-eb11-a814-000d3a9c7ff2,"Abbott, Heller and Schimmel",6935 Emmet Pass,Invermere,BC,J1K,Canada,50.51666,-116.03538,701-222-5227,"8,900","$87,000,000 ",10,22,Alan Steiner,Major Pharmaceuticals,Canada,North America,AN-100282
1282,1fd5d114-ed1e-eb11-a814-000d3a9c7ff2,"Abbott, Herman and Stroman",2559 Scott Parkway,Ashley,ENG,SN13,United Kingdom,51.4139633,-2.2685462,486-827-2315,"5,400","$44,000,000 ",12,29,Anne Weiler,Oilfield Services/Equipment,United Kingdom,EMEA,AN-100283
1283,27bd3bf4-f11e-eb11-a814-000d3a9c7ff2,"Abbott, Hermiston and Reynolds",92223 Beilfuss Point,Denver,CO,80299,United States,39.7388,-104.4083,-5206,"7,800","$19,000,000 ",1,4,Molly Clark,Business Services,US-WEST,North America,AN-100284
1284,2b39eaff-f21e-eb11-a814-000d3a9c7ff2,"Abbott, Hermiston and Tillman",349 Golf Pass,Australia Square,NSW,1213,Australia,-33.8651294,151.2078882,865-592-3715,"8,000","$174,000,000 ",6,44,Renee Lo,Water Supply,Australia,APAC,AN-100285
1285,b37179c5-e61e-eb11-a814-000d3a9c7ff2,"Abbott, Herzog and Hartmann",2 Clarendon Pass,Cochrane,AB,T4C,Canada,51.1909883,-114.4678603,173-861-0859,"4,800","$85,000,000 ",10,23,Alan Steiner,Marine Transportation,Canada,North America,AN-100286
1286,0df0e3a7-e51e-eb11-a814-000d3a9c7ff2,"Abbott, Hickle and Halvorson",90071 Golf Junction,Concord,ON,L4K,Canada,43.798329,-79.5079073,710-483-7604,"3,200","$86,000,000 ",10,18,Alan Steiner,Investment Managers,Canada,North America,AN-100287
1287,ff2f73c9-e41e-eb11-a814-000d3a9c7ff2,"Abbott, Hirthe and VonRueden",680 Luster Road,Washington,DC,20088,United States,38.8933,-77.0146,-5464,"5,600","$94,000,000 ",9,22,David So,Major Pharmaceuticals,US-SOUTH,North America,AN-100288
1288,c5a5d916-f91e-eb11-a814-000d3a9c7ff2,"Abbott, Hodkiewicz and Smith",29184 Mariners Cove Park,Pittsburgh,PA,15230,United States,40.4344,-80.0248,-10900,"9,100","$122,000,000 ",4,5,Julian Isla,Clothing/Shoe/Accessory Stores,US-NORTHEAST,North America,AN-100289
1289,fd0ce3fe-f81e-eb11-a814-000d3a9c7ff2,"Abbott, Homenick and Emmerich",0 Twin Pines Lane,Assiniboia,SK,H3C,Canada,49.63336,-105.98446,400-659-3769,"9,700","$95,000,000 ",10,24,Alan Steiner,Medical Specialities,Canada,North America,AN-100290
1290,6be354f0-f31e-eb11-a814-000d3a9c7ff2,"Abbott, Homenick and Stracke",1494 Maple Crossing,Houston,TX,77250,United States,29.7629,-95.3629,-4283,"6,500","$64,000,000 ",1,40,Molly Clark,Savings Institutions,US-SOUTH,North America,AN-100291
1291,66378543-e51e-eb11-a814-000d3a9c7ff2,"Abbott, Howell and Klein",02281 Northport Park,Little Rock,AR,72222,United States,34.7519,-92.3925,-9600,"7,600","$52,000,000 ",1,2,Molly Clark,Automotive Aftermarket,US-SOUTH,North America,AN-100292
1292,19c08329-f01e-eb11-a814-000d3a9c7ff2,"Abbott, Hudson and Effertz",37632 Independence Way,El Paso,TX,79911,United States,31.8925,-106.5426,-6232,"7,600","$69,000,000 ",1,37,Molly Clark,Real Estate Investment Trusts,US-SOUTH,North America,AN-100293
1293,63de8d2e-f71e-eb11-a814-000d3a9c7ff2,"Abbott, Jacobi and Goyette",5 Bartillon Street,Baie-Saint-Paul,QC,G3Z,Canada,47.4376347,-70.5082419,462-510-9731,"1,600","$46,000,000 ",10,3,Alan Steiner,Biotechnology: Commercial Physical & Biological Resarch,Canada,North America,AN-100294
1294,fb1ca2b4-f31e-eb11-a814-000d3a9c7ff2,"Abbott, Jacobs and Emmerich",9766 Glendale Parkway,Seattle,WA,98185,United States,47.4323,-121.8034,-2081,"8,100","$158,000,000 ",11,36,Alicia Thomber,Real Estate,US-WEST,North America,AN-100295
1295,85821067-f61e-eb11-a814-000d3a9c7ff2,"Abbott, Jakubowski and Hermann",10 Clyde Gallagher Plaza,Cedar Rapids,IA,52410,United States,42.0794,-91.5992,-8612,"6,400","$29,000,000 ",3,13,Jeff Hay,Forest Products,US-MIDWEST,North America,AN-100296
1296,bad2633b-e71e-eb11-a814-000d3a9c7ff2,"Abbott, Jakubowski and Hudson",531 Farragut Circle,Forestville,QC,G2B,Canada,48.73808,-69.08478,762-756-8956,"2,600","$133,000,000 ",10,38,Alan Steiner,Recreational Products/Toys,Canada,North America,AN-100297
1297,d35fd61e-f81e-eb11-a814-000d3a9c7ff2,"Abbott, Jaskolski and Becker",9939 Rutledge Terrace,Espanola,ON,P5E,Canada,46.2657181,-81.771057,693-159-9653,"9,700","$21,000,000 ",10,39,Alan Steiner,Restaurants,Canada,North America,AN-100298
1298,13c3da0b-f31e-eb11-a814-000d3a9c7ff2,"Abbott, Johnson and Boyer",131 American Ash Drive,Whittier,CA,90610,United States,33.7866,-118.2987,-10725,"4,500","$48,000,000 ",11,14,Alicia Thomber,Home Furnishings,US-WEST,North America,AN-100299
1299,870dbeed-ef1e-eb11-a814-000d3a9c7ff2,"Abbott, Johnson and Konopelski",6342 Warrior Drive,Arma,,,Peru,-12.09985,-77.0197479,-8692,"3,000","$60,000,000 ",8,28,Sanjay Shah,Oil/Gas Transmission,Peru,LATAM,AN-100300
